,期数,红球_1,红球_2,红球_3,红球_4,红球_5,红球_6,蓝球
0,25001,02,03,17,18,22,33,16
1,24151,05,10,16,19,29,32,04
2,24150,13,14,20,22,26,32,02
3,24149,03,09,16,17,18,22,16
4,24148,02,06,15,16,21,23,11
5,24147,05,11,13,16,21,30,10
6,24146,02,04,11,22,27,32,10
7,24145,01,03,16,22,23,30,03
8,24144,02,09,11,17,20,30,11
9,24143,02,05,11,22,30,33,10
10,24142,04,06,13,21,22,25,06
11,24141,01,02,07,15,24,29,12
12,24140,04,07,08,17,22,26,15
13,24139,15,16,20,22,23,29,14
14,24138,02,07,11,21,27,28,02
15,24137,04,09,10,19,26,27,12
16,24136,03,11,15,21,25,26,03
17,24135,05,11,17,18,30,31,13
18,24134,02,04,13,16,18,20,16
19,24133,01,11,15,27,30,33,01
20,24132,01,04,25,27,28,33,03
21,24131,04,05,11,15,20,32,13
22,24130,01,08,12,17,19,24,16
23,24129,09,10,13,19,24,32,01
24,24128,01,08,13,18,20,26,16
25,24127,02,05,13,20,27,32,10
26,24126,14,18,23,24,26,33,10
27,24125,01,04,13,18,26,30,03
28,24124,02,14,15,17,25,30,11
29,24123,02,15,22,26,30,33,04
30,24122,05,07,09,16,17,29,15
31,24121,01,07,10,13,27,33,03
32,24120,01,05,07,11,18,19,07
33,24119,02,09,26,27,31,32,14
34,24118,02,03,04,06,11,15,14
35,24117,03,12,14,16,29,32,12
36,24116,01,15,20,22,31,32,03
37,24115,03,10,11,19,27,28,07
38,24114,07,11,18,24,27,32,04
39,24113,04,05,23,24,26,31,11
40,24112,08,11,16,25,29,32,03
41,24111,01,04,11,12,22,30,16
42,24110,04,13,17,23,25,33,14
43,24109,03,04,24,28,29,33,09
44,24108,01,08,09,23,24,30,08
45,24107,01,06,08,13,17,19,09
46,24106,03,08,11,22,31,33,04
47,24105,02,05,17,19,29,33,04
48,24104,05,16,23,24,26,29,04
49,24103,12,21,23,27,32,33,15
50,24102,09,15,18,21,22,25,01
51,24101,08,12,15,17,19,30,08
52,24100,13,14,19,20,27,30,05
53,24099,04,12,17,24,26,27,16
54,24098,03,08,10,20,30,31,02
55,24097,04,10,12,13,18,30,03
56,24096,02,04,14,18,23,27,13
57,24095,04,06,09,14,16,21,03
58,24094,06,13,17,22,25,27,09
59,24093,01,05,07,11,12,15,12
60,24092,03,08,11,12,18,29,05
61,24091,13,15,16,19,20,24,10
62,24090,07,11,17,24,31,32,12
63,24089,03,06,09,15,18,31,01
64,24088,03,08,10,17,30,32,10
65,24087,03,09,18,19,20,26,11
66,24086,17,19,20,23,25,31,02
67,24085,01,05,15,21,23,27,15
68,24084,01,08,10,13,19,29,13
69,24083,03,09,14,29,32,33,15
70,24082,01,02,13,16,17,29,16
71,24081,01,06,12,17,23,25,04
72,24080,06,11,12,27,29,30,13
73,24079,02,03,06,07,16,26,04
74,24078,05,09,14,21,22,26,12
75,24077,01,04,06,14,17,22,08
76,24076,03,22,24,27,29,32,15
77,24075,03,05,08,18,22,28,01
78,24074,07,08,10,22,24,32,07
79,24073,03,09,12,18,28,30,01
80,24072,01,14,20,21,23,27,06
81,24071,02,08,19,28,30,31,14
82,24070,04,13,18,20,22,28,05
83,24069,06,13,20,21,24,32,06
84,24068,01,02,07,19,20,21,01
85,24067,01,11,13,17,25,29,03
86,24066,08,09,12,22,26,32,13
87,24065,03,05,09,10,19,22,14
88,24064,06,08,17,18,28,30,05
89,24063,07,14,16,23,28,32,04
90,24062,01,07,10,16,18,27,16
91,24061,01,09,18,22,25,28,02
92,24060,01,02,06,10,22,28,15
93,24059,01,03,14,25,31,33,07
94,24058,08,12,13,17,27,29,13
95,24057,03,08,17,18,23,31,08
96,24056,05,18,20,24,25,26,06
97,24055,02,04,06,07,16,29,03
98,24054,08,13,20,25,31,32,03
99,24053,07,14,21,22,28,33,07
100,24052,07,10,11,15,17,21,03
101,24051,05,09,13,20,23,28,06
102,24050,01,03,07,10,22,33,02
103,24049,12,15,17,23,26,32,11
104,24048,02,09,15,19,26,28,02
105,24047,07,08,21,26,29,30,15
106,24046,02,06,10,11,17,29,15
107,24045,02,08,19,23,24,26,03
108,24044,02,06,17,25,32,33,06
109,24043,04,06,07,14,15,24,08
110,24042,02,04,05,14,26,32,14
111,24041,02,09,12,22,25,33,16
112,24040,11,14,18,19,23,26,02
113,24039,02,06,12,29,30,31,10
114,24038,08,10,18,23,27,31,02
115,24037,01,04,05,06,12,14,13
116,24036,02,08,09,12,21,31,02
117,24035,05,07,14,17,22,32,06
118,24034,02,09,12,19,21,31,04
119,24033,06,10,11,18,20,32,05
120,24032,01,03,04,11,12,21,16
121,24031,09,10,13,25,30,32,02
122,24030,01,08,22,25,29,33,10
123,24029,12,18,23,25,28,33,04
124,24028,03,07,08,11,18,19,05
125,24027,02,06,13,27,28,32,13
126,24026,04,07,18,19,20,25,06
127,24025,08,15,21,22,25,33,13
128,24024,03,07,21,24,26,30,10
129,24023,01,10,22,25,28,32,10
130,24022,02,09,11,14,18,26,06
131,24021,04,06,16,17,23,24,11
132,24020,03,08,12,14,17,33,08
133,24019,05,11,12,16,17,20,08
134,24018,06,15,17,24,28,29,16
135,24017,04,17,19,20,25,32,04
136,24016,07,12,20,24,32,33,04
137,24015,03,08,17,18,20,30,15
138,24014,01,02,10,22,24,25,13
139,24013,01,07,10,14,21,25,07
140,24012,01,03,07,18,22,28,15
141,24011,08,12,16,20,27,31,06
142,24010,11,16,20,21,23,24,04
143,24009,01,04,07,10,17,23,14
144,24008,08,20,21,23,27,30,13
145,24007,04,05,06,07,20,22,15
146,24006,07,18,20,21,26,32,05
147,24005,05,06,20,23,25,32,03
148,24004,09,13,17,18,21,27,04
149,24003,01,05,08,13,32,33,03
150,24002,04,09,10,17,19,20,09
151,24001,03,07,16,26,27,32,16
152,23151,01,15,16,20,25,27,05
153,23150,10,17,25,26,30,33,05
154,23149,02,10,19,24,26,33,15
155,23148,03,05,07,09,19,20,08
156,23147,05,06,14,16,19,32,12
157,23146,02,03,06,11,20,32,09
158,23145,07,10,21,22,23,24,11
159,23144,12,16,17,22,25,27,08
160,23143,05,07,09,16,23,30,15
161,23142,02,08,20,21,27,33,14
162,23141,01,08,11,12,21,23,03
163,23140,03,04,11,14,30,31,05
164,23139,12,14,19,21,27,31,11
165,23138,03,22,28,30,31,33,04
166,23137,03,12,17,19,23,27,11
167,23136,03,05,10,21,22,26,10
168,23135,05,06,11,13,28,30,07
169,23134,05,08,09,17,22,33,04
170,23133,04,05,10,14,22,25,03
171,23132,03,09,11,15,25,27,01
172,23131,06,07,14,20,26,32,01
173,23130,04,10,17,22,23,32,16
174,23129,08,09,12,17,32,33,04
175,23128,07,16,20,21,27,33,01
176,23127,03,08,19,22,26,32,14
177,23126,10,24,26,28,29,31,16
178,23125,11,14,15,27,30,33,04
179,23124,02,03,17,18,25,30,11
180,23123,10,13,15,22,29,32,15
181,23122,07,08,14,18,20,30,05
182,23121,02,12,16,25,30,31,12
183,23120,03,08,13,24,27,29,08
184,23119,01,02,03,19,21,28,15
185,23118,01,02,11,19,25,29,04
186,23117,02,11,14,17,18,28,08
187,23116,02,08,09,13,24,27,12
188,23115,02,07,16,21,26,27,16
189,23114,07,09,15,16,17,26,09
190,23113,01,02,13,18,25,27,03
191,23112,09,12,13,22,24,31,04
192,23111,05,06,12,17,20,33,09
193,23110,02,06,20,25,29,33,16
194,23109,06,08,10,13,16,28,13
195,23108,01,03,06,08,18,24,09
196,23107,03,07,18,25,29,33,14
197,23106,07,09,10,20,22,24,07
198,23105,01,03,05,26,30,32,16
199,23104,10,19,23,25,30,31,12
200,23103,05,06,13,24,25,29,15
201,23102,01,09,10,13,21,28,10
202,23101,01,05,09,15,18,26,04
203,23100,05,06,12,15,23,25,04
204,23099,09,11,14,19,27,33,05
205,23098,02,10,11,14,21,27,11
206,23097,01,09,14,19,29,30,15
207,23096,08,11,18,26,31,32,15
208,23095,03,08,16,17,22,26,11
209,23094,06,10,12,14,30,31,12
210,23093,10,21,24,25,27,32,07
211,23092,03,12,24,25,32,33,13
212,23091,16,20,22,26,30,32,16
213,23090,01,02,09,26,30,31,07
214,23089,08,13,15,27,28,31,11
215,23088,01,14,18,26,31,33,05
216,23087,02,09,15,17,28,33,01
217,23086,08,09,10,22,26,32,12
218,23085,11,18,23,24,31,33,13
219,23084,09,13,14,17,19,27,03
220,23083,07,10,12,16,17,30,12
221,23082,04,18,19,24,27,30,16
222,23081,01,11,15,16,22,31,15
223,23080,01,02,04,09,25,31,08
224,23079,05,06,09,12,21,22,07
225,23078,06,08,14,19,30,31,08
226,23077,07,09,14,22,26,27,01
227,23076,03,04,15,18,19,22,09
228,23075,13,15,24,28,30,31,01
229,23074,02,08,09,18,19,21,03
230,23073,01,03,15,16,25,32,10
231,23072,02,06,10,24,25,33,09
232,23071,05,12,15,19,24,26,06
233,23070,03,05,25,31,32,33,04
234,23069,12,14,17,20,21,26,02
235,23068,11,12,15,18,29,33,02
236,23067,01,03,12,19,28,32,14
237,23066,02,07,08,10,26,31,06
238,23065,02,14,17,20,26,33,14
239,23064,01,07,11,12,16,18,04
240,23063,04,08,17,20,22,27,13
241,23062,11,19,23,24,26,33,15
242,23061,01,04,06,11,12,22,15
243,23060,09,11,17,19,30,31,11
244,23059,02,06,13,22,27,32,06
245,23058,10,17,22,26,30,33,11
246,23057,02,05,10,17,24,32,03
247,23056,08,14,15,18,23,33,08
248,23055,03,04,20,23,27,32,13
249,23054,05,06,09,10,15,26,12
250,23053,01,07,14,20,27,30,15
251,23052,03,04,05,08,12,17,06
252,23051,22,26,29,30,32,33,14
253,23050,02,07,09,14,22,23,05
254,23049,05,07,14,23,25,27,02
255,23048,02,03,10,24,28,30,08
256,23047,05,07,14,23,31,33,07
257,23046,06,08,17,25,26,28,03
258,23045,03,06,12,21,27,28,04
259,23044,02,08,15,22,24,26,16
260,23043,05,08,12,20,24,28,10
261,23042,10,17,20,23,27,30,10
262,23041,01,06,12,13,15,24,06
263,23040,09,16,17,24,29,31,08
264,23039,02,03,09,13,19,28,09
265,23038,02,09,14,17,31,33,08
266,23037,08,23,25,26,29,31,12
267,23036,13,14,18,19,24,30,09
268,23035,01,04,09,10,20,33,06
269,23034,02,03,09,11,12,17,15
270,23033,08,09,13,23,24,26,05
271,23032,06,19,20,26,28,33,01
272,23031,07,14,27,29,31,33,05
273,23030,02,03,07,16,30,31,06
274,23029,03,07,12,24,28,33,08
275,23028,05,07,10,17,20,22,14
276,23027,08,10,22,27,32,33,08
277,23026,01,18,26,30,31,33,03
278,23025,04,16,20,21,31,32,14
279,23024,03,06,09,17,27,28,03
280,23023,05,08,10,15,24,25,09
281,23022,10,11,18,19,23,31,03
282,23021,02,05,06,19,21,27,04
283,23020,01,12,17,18,26,27,05
284,23019,06,12,26,28,29,32,15
285,23018,10,12,17,19,25,31,13
286,23017,05,11,18,20,26,28,12
287,23016,14,16,19,23,28,30,03
288,23015,02,03,14,21,29,32,08
289,23014,06,07,18,23,27,30,05
290,23013,06,10,14,22,23,33,13
291,23012,03,04,07,22,26,30,06
292,23011,06,07,16,17,21,22,04
293,23010,04,05,13,18,27,29,12
294,23009,03,04,19,23,30,32,06
295,23008,05,13,18,20,26,28,06
296,23007,05,06,09,22,25,31,03
297,23006,02,10,12,14,24,26,05
298,23005,02,06,08,13,14,19,16
299,23004,01,07,15,16,20,25,16
300,23003,05,08,18,25,30,32,06
301,23002,02,06,10,16,18,22,13
302,23001,09,16,18,22,28,32,02
303,22150,01,07,11,12,22,28,05
304,22149,02,22,26,29,32,33,14
305,22148,02,15,16,17,21,31,14
306,22147,02,03,07,13,20,30,10
307,22146,06,07,13,18,26,31,06
308,22145,03,21,25,30,31,33,11
309,22144,07,20,22,23,31,32,05
310,22143,07,08,13,29,30,33,03
311,22142,01,03,13,16,21,27,03
312,22141,05,12,13,17,20,27,14
313,22140,08,09,18,19,20,27,15
314,22139,06,07,09,16,17,19,14
315,22138,02,14,19,21,25,28,11
316,22137,08,21,23,27,28,33,01
317,22136,08,10,14,15,18,22,08
318,22135,09,11,13,24,28,32,06
319,22134,01,05,14,17,24,31,14
320,22133,05,08,16,17,21,25,12
321,22132,01,03,18,26,32,33,04
322,22131,03,05,10,13,19,29,06
323,22130,02,08,15,17,26,28,12
324,22129,10,12,14,22,24,27,07
325,22128,03,12,18,24,27,29,01
326,22127,03,04,09,10,29,33,13
327,22126,01,13,15,17,26,33,13
328,22125,02,03,07,12,20,31,16
329,22124,05,10,13,18,24,26,01
330,22123,10,13,16,20,21,25,05
331,22122,06,08,17,19,24,28,05
332,22121,12,17,22,27,30,31,02
333,22120,02,15,19,26,27,29,02
334,22119,02,05,15,18,26,27,04
335,22118,02,06,07,11,14,33,08
336,22117,04,13,17,18,28,29,06
337,22116,08,14,26,27,30,33,01
338,22115,06,07,18,20,27,29,09
339,22114,01,05,15,19,26,29,13
340,22113,13,14,20,24,27,29,02
341,22112,03,05,08,17,25,31,01
342,22111,02,10,11,13,28,31,01
343,22110,09,13,15,18,20,28,15
344,22109,04,11,13,19,22,33,11
345,22108,01,07,13,17,18,31,15
346,22107,03,09,11,15,19,28,16
347,22106,17,20,22,23,24,31,01
348,22105,06,12,13,15,21,23,15
349,22104,01,08,19,25,26,31,01
350,22103,06,09,12,14,20,28,10
351,22102,09,10,12,18,29,32,14
352,22101,04,16,18,19,27,28,04
353,22100,02,06,07,15,20,21,15
354,22099,01,11,23,24,26,32,15
355,22098,02,03,04,06,21,33,05
356,22097,04,05,10,13,30,31,14
357,22096,03,16,17,19,25,33,07
358,22095,04,13,14,18,20,28,08
359,22094,06,11,13,16,19,31,02
360,22093,21,22,24,28,29,32,14
361,22092,07,10,16,20,21,27,11
362,22091,08,18,20,22,24,28,10
363,22090,01,04,25,27,29,30,07
364,22089,02,07,15,29,31,33,15
365,22088,03,09,15,17,20,22,06
366,22087,05,06,09,13,23,25,08
367,22086,01,04,08,21,23,24,11
368,22085,07,09,14,31,32,33,13
369,22084,03,18,23,24,25,32,09
370,22083,08,12,13,14,19,20,05
371,22082,04,10,11,23,30,32,14
372,22081,04,08,11,21,27,30,01
373,22080,05,12,15,17,18,27,04
374,22079,01,09,15,17,22,23,16
375,22078,01,04,05,15,17,31,09
376,22077,03,17,18,19,20,27,16
377,22076,08,09,10,13,24,29,02
378,22075,01,02,04,25,26,30,10
379,22074,05,07,15,19,29,33,15
380,22073,06,10,14,15,26,29,12
381,22072,05,14,15,16,18,32,12
382,22071,04,07,15,18,29,33,01
383,22070,04,06,09,27,28,33,02
384,22069,06,07,13,19,26,29,08
385,22068,07,12,15,24,26,29,06
386,22067,01,05,13,21,26,29,15
387,22066,06,11,14,20,27,30,09
388,22065,09,14,18,23,28,31,02
389,22064,04,06,12,13,17,31,16
390,22063,06,08,09,17,22,31,11
391,22062,16,18,20,21,23,33,05
392,22061,01,03,16,18,29,33,06
393,22060,16,18,19,24,28,32,01
394,22059,06,09,18,19,29,33,06
395,22058,06,13,14,23,31,33,01
396,22057,12,15,20,26,30,33,16
397,22056,01,06,11,14,17,26,15
398,22055,02,04,09,26,28,33,03
399,22054,08,12,21,27,28,33,11
400,22053,10,14,18,23,27,33,15
401,22052,07,24,27,29,31,32,15
402,22051,02,05,11,17,21,33,01
403,22050,03,05,08,14,27,33,08
404,22049,02,04,07,18,25,26,10
405,22048,05,07,17,20,26,31,14
406,22047,03,07,08,14,27,30,09
407,22046,02,11,24,25,27,30,14
408,22045,03,12,17,18,19,28,04
409,22044,01,07,08,21,23,29,06
410,22043,02,17,20,23,25,27,08
411,22042,05,10,11,21,22,30,13
412,22041,05,07,21,22,24,29,14
413,22040,03,12,14,16,31,33,12
414,22039,02,06,07,10,15,20,05
415,22038,09,12,13,16,24,32,04
416,22037,01,10,13,20,22,32,14
417,22036,02,03,14,16,26,31,02
418,22035,08,12,13,19,23,25,15
419,22034,14,17,26,31,32,33,10
420,22033,05,12,19,22,25,26,05
421,22032,04,10,11,14,23,32,07
422,22031,01,10,11,22,26,32,07
423,22030,12,23,24,26,27,30,05
424,22029,03,08,10,13,26,32,08
425,22028,05,11,20,22,23,29,09
426,22027,14,15,18,19,26,32,09
427,22026,03,04,10,15,22,24,02
428,22025,06,19,24,25,28,32,04
429,22024,07,09,10,14,19,24,15
430,22023,07,12,17,19,24,25,02
431,22022,01,07,11,15,17,19,06
432,22021,03,07,22,24,26,31,14
433,22020,09,11,14,22,30,32,01
434,22019,05,06,14,20,21,25,08
435,22018,07,11,16,17,30,32,16
436,22017,06,09,24,29,30,32,07
437,22016,05,10,19,20,29,31,14
438,22015,06,14,16,27,28,31,07
439,22014,06,07,13,14,15,27,04
440,22013,02,03,04,07,10,18,15
441,22012,04,07,08,29,30,31,01
442,22011,06,15,23,24,25,33,15
443,22010,12,18,19,20,21,32,15
444,22009,04,15,17,19,25,28,16
445,22008,02,03,07,09,20,21,13
446,22007,01,20,22,23,25,28,16
447,22006,03,06,09,15,22,31,02
448,22005,07,10,12,16,19,31,16
449,22004,05,19,24,28,30,32,14
450,22003,02,05,16,17,18,30,06
451,22002,02,12,21,23,25,31,08
452,22001,06,13,15,17,20,21,03
453,21150,09,14,20,21,24,26,04
454,21149,05,10,15,18,19,32,05
455,21148,10,12,15,17,19,20,08
456,21147,05,10,11,13,27,28,09
457,21146,07,09,21,22,26,32,03
458,21145,04,07,10,14,16,26,09
459,21144,02,05,13,15,23,26,07
460,21143,01,09,11,13,20,29,09
461,21142,04,07,17,19,20,24,16
462,21141,01,14,19,23,26,30,10
463,21140,05,10,16,26,27,33,01
464,21139,12,14,19,23,24,27,01
465,21138,11,14,15,16,27,32,09
466,21137,03,07,10,14,21,24,01
467,21136,02,06,09,15,19,28,16
468,21135,03,10,17,19,21,31,04
469,21134,01,02,16,19,25,31,08
470,21133,01,03,12,19,27,31,10
471,21132,01,04,06,14,20,28,08
472,21131,08,11,18,19,20,24,01
473,21130,08,09,15,24,26,30,06
474,21129,04,15,21,27,28,29,10
475,21128,05,17,20,21,23,33,04
476,21127,07,15,16,20,27,29,07
477,21126,19,20,23,27,28,31,01
478,21125,14,19,20,23,24,31,09
479,21124,01,03,18,22,29,32,02
480,21123,06,14,15,19,29,31,05
481,21122,04,05,12,15,18,28,07
482,21121,04,05,12,16,22,30,15
483,21120,01,07,08,12,13,18,05
484,21119,03,09,10,11,28,29,13
485,21118,02,06,14,18,20,31,13
486,21117,03,05,17,21,27,33,04
487,21116,06,14,17,18,31,33,06
488,21115,02,10,12,15,24,27,08
489,21114,04,06,08,14,24,27,02
490,21113,04,07,10,22,27,30,02
491,21112,05,06,21,25,28,33,07
492,21111,17,20,22,23,26,28,06
493,21110,10,13,15,24,31,32,02
494,21109,02,03,10,17,20,26,16
495,21108,11,15,18,24,26,32,09
496,21107,02,03,17,19,25,30,01
497,21106,01,04,07,14,30,31,03
498,21105,10,14,15,22,27,32,09
499,21104,01,07,17,20,22,28,15
500,21103,10,13,15,25,29,30,15
501,21102,05,09,15,24,27,30,09
502,21101,02,04,12,22,29,31,01
503,21100,07,09,12,13,14,29,16
504,21099,09,11,17,18,20,27,15
505,21098,01,10,13,18,26,32,05
506,21097,03,11,12,13,25,28,12
507,21096,01,07,11,14,15,26,11
508,21095,08,12,17,24,27,28,13
509,21094,09,11,24,25,28,33,15
510,21093,05,11,15,23,28,33,03
511,21092,02,07,08,10,12,31,03
512,21091,04,06,16,24,26,33,16
513,21090,05,06,12,14,27,28,08
514,21089,01,02,07,13,23,24,12
515,21088,04,12,15,16,19,26,06
516,21087,02,13,16,19,23,24,04
517,21086,06,08,10,14,28,29,01
518,21085,05,06,07,11,14,20,02
519,21084,05,07,09,11,21,28,01
520,21083,04,09,11,25,28,33,04
521,21082,03,06,11,13,26,32,05
522,21081,01,03,05,18,22,23,01
523,21080,05,08,22,23,24,29,09
524,21079,01,03,10,24,28,29,13
525,21078,04,06,15,26,27,31,12
526,21077,08,15,17,25,27,30,10
527,21076,03,09,21,23,30,32,06
528,21075,12,15,16,21,22,29,01
529,21074,04,05,09,14,25,27,07
530,21073,01,06,18,22,24,25,08
531,21072,01,09,15,16,19,21,15
532,21071,01,07,24,31,32,33,08
533,21070,01,05,11,15,16,29,15
534,21069,06,11,18,20,23,26,05
535,21068,04,14,18,24,31,32,15
536,21067,01,11,19,23,25,29,09
537,21066,02,06,19,26,30,33,15
538,21065,01,04,08,19,29,33,16
539,21064,04,06,08,15,16,18,16
540,21063,04,05,06,09,23,24,09
541,21062,12,13,15,20,22,25,10
542,21061,04,09,12,18,20,23,01
543,21060,10,11,17,20,29,30,15
544,21059,01,09,11,18,32,33,14
545,21058,09,11,13,18,19,28,14
546,21057,05,06,09,17,25,33,16
547,21056,08,21,22,23,29,32,01
548,21055,03,11,12,16,22,28,10
549,21054,07,13,21,22,24,31,02
550,21053,07,10,14,16,24,33,16
551,21052,03,04,06,19,21,30,14
552,21051,08,09,10,19,27,29,15
553,21050,02,09,10,16,25,28,08
554,21049,04,11,13,22,25,32,01
555,21048,04,15,17,22,29,32,03
556,21047,03,07,13,16,24,29,01
557,21046,05,09,13,21,28,33,06
558,21045,01,04,14,15,17,32,02
559,21044,05,07,14,17,26,28,13
560,21043,02,03,17,18,23,24,01
561,21042,05,09,10,22,25,27,08
562,21041,02,09,18,23,26,32,14
563,21040,02,06,07,24,28,29,16
564,21039,02,08,21,24,29,31,13
565,21038,05,07,09,16,18,27,06
566,21037,13,17,19,24,26,30,12
567,21036,01,02,06,11,21,26,11
568,21035,12,14,18,20,26,28,11
569,21034,04,10,12,18,23,25,01
570,21033,02,12,13,14,31,33,06
571,21032,01,05,08,15,16,30,03
572,21031,06,11,21,25,28,31,07
573,21030,08,09,13,27,29,31,05
574,21029,08,10,15,17,22,30,12
575,21028,11,16,23,26,27,33,05
576,21027,05,07,09,16,20,26,08
577,21026,03,05,13,19,20,25,03
578,21025,06,08,14,17,18,30,11
579,21024,01,04,06,10,11,18,02
580,21023,02,21,22,23,27,28,11
581,21022,10,15,17,25,31,32,06
582,21021,04,08,17,24,28,33,13
583,21020,01,03,06,07,09,11,02
584,21019,12,16,17,24,28,29,08
585,21018,02,08,14,23,25,32,06
586,21017,09,15,18,29,32,33,02
587,21016,03,08,09,13,15,18,10
588,21015,06,14,16,26,28,29,07
589,21014,04,15,21,25,29,33,06
590,21013,06,09,12,16,27,31,06
591,21012,03,06,14,18,20,26,01
592,21011,05,10,16,23,27,33,14
593,21010,01,04,11,19,32,33,05
594,21009,02,04,07,24,25,32,13
595,21008,01,05,07,14,18,33,07
596,21007,02,04,12,21,25,32,16
597,21006,06,08,22,24,25,26,01
598,21005,07,09,14,26,30,31,04
599,21004,02,03,07,08,17,22,15
600,21003,06,09,16,18,22,29,11
601,21002,06,10,13,25,26,32,11
602,21001,02,03,13,18,20,31,11
603,20134,02,09,10,20,22,26,01
604,20133,03,19,22,23,27,29,07
605,20132,01,04,11,12,14,23,04
606,20131,08,19,22,26,27,30,07
607,20130,08,09,11,14,17,29,16
608,20129,01,02,05,15,28,33,04
609,20128,08,10,15,16,23,26,10
610,20127,01,04,18,19,26,31,07
611,20126,03,07,12,14,23,28,11
612,20125,05,12,16,26,30,31,13
613,20124,16,18,19,20,29,33,12
614,20123,01,03,18,19,26,29,03
615,20122,12,15,17,24,26,31,15
616,20121,02,04,06,21,25,29,03
617,20120,01,02,03,04,09,10,12
618,20119,01,09,22,28,32,33,15
619,20118,11,13,19,26,30,33,05
620,20117,07,08,09,10,16,27,07
621,20116,05,06,14,16,19,27,10
622,20115,01,04,12,20,25,32,02
623,20114,01,05,11,24,30,32,03
624,20113,01,03,07,10,22,32,11
625,20112,02,09,12,17,28,32,05
626,20111,06,09,17,22,24,26,16
627,20110,02,06,09,14,22,25,04
628,20109,06,13,16,20,23,32,13
629,20108,10,12,15,17,23,32,05
630,20107,03,09,11,24,25,28,16
631,20106,02,04,11,15,18,28,10
632,20105,06,14,19,20,22,24,01
633,20104,04,08,10,16,27,29,09
634,20103,04,09,10,22,28,32,08
635,20102,09,10,19,25,26,29,08
636,20101,10,17,24,25,28,30,15
637,20100,01,07,15,16,20,23,07
638,20099,05,06,11,12,15,30,12
639,20098,06,08,11,22,25,33,02
640,20097,02,08,21,25,26,30,10
641,20096,01,20,23,26,27,32,15
642,20095,03,09,16,17,20,26,02
643,20094,10,15,17,27,29,31,08
644,20093,04,05,10,13,15,19,15
645,20092,01,06,12,18,22,24,03
646,20091,01,09,11,12,16,19,16
647,20090,02,21,23,26,31,32,06
648,20089,02,14,16,21,29,30,10
649,20088,01,06,12,26,29,30,12
650,20087,11,15,20,23,25,33,10
651,20086,02,04,06,15,24,27,06
652,20085,01,02,05,09,19,24,16
653,20084,03,07,16,17,23,30,07
654,20083,01,19,25,26,30,31,12
655,20082,02,08,11,17,21,30,09
656,20081,01,05,13,14,27,33,15
657,20080,14,15,18,22,31,33,01
658,20079,05,12,20,21,22,29,14
659,20078,03,11,14,16,21,32,04
660,20077,03,10,16,21,25,27,12
661,20076,10,15,16,18,20,27,06
662,20075,03,11,13,20,24,30,16
663,20074,04,08,09,13,19,33,12
664,20073,05,07,11,13,27,29,03
665,20072,06,08,10,15,17,26,04
666,20071,09,11,12,13,22,23,08
667,20070,01,02,04,06,19,21,15
668,20069,03,09,10,13,18,26,04
669,20068,12,16,21,26,27,32,10
670,20067,04,07,09,23,27,30,08
671,20066,02,09,13,17,26,28,07
672,20065,09,15,18,21,23,26,08
673,20064,01,03,07,21,27,32,01
674,20063,12,15,16,22,29,32,14
675,20062,10,14,17,22,26,27,05
676,20061,08,17,24,26,27,31,04
677,20060,05,09,14,20,24,30,08
678,20059,02,04,10,17,22,25,14
679,20058,01,03,11,12,19,26,07
680,20057,09,14,21,23,26,32,03
681,20056,02,05,08,12,26,31,14
682,20055,01,05,07,23,28,30,12
683,20054,03,10,19,25,26,31,02
684,20053,02,14,15,16,32,33,01
685,20052,02,08,13,29,32,33,15
686,20051,03,06,08,11,19,28,08
687,20050,04,09,17,20,32,33,15
688,20049,01,07,09,12,18,22,04
689,20048,12,14,18,23,30,32,02
690,20047,04,10,17,19,28,32,01
691,20046,13,19,25,26,27,32,08
692,20045,02,03,15,21,22,33,16
693,20044,07,08,16,17,19,24,07
694,20043,01,11,24,25,27,30,07
695,20042,02,06,07,11,14,31,03
696,20041,06,07,16,22,24,25,13
697,20040,01,06,12,16,19,21,04
698,20039,02,09,10,11,16,29,02
699,20038,01,06,07,18,23,24,15
700,20037,01,04,11,13,17,24,15
701,20036,07,09,16,22,24,32,06
702,20035,10,14,24,25,28,33,11
703,20034,02,08,15,16,26,32,03
704,20033,07,10,12,21,31,32,01
705,20032,03,11,13,14,15,26,13
706,20031,02,05,09,15,16,27,09
707,20030,17,18,21,29,30,32,03
708,20029,01,12,18,20,30,32,05
709,20028,05,06,15,18,26,32,08
710,20027,12,13,14,24,25,28,06
711,20026,01,04,09,18,19,31,06
712,20025,01,09,10,15,20,29,02
713,20024,10,13,27,28,29,31,08
714,20023,04,05,20,21,30,33,08
715,20022,02,10,20,22,25,30,02
716,20021,02,06,14,16,27,31,07
717,20020,01,06,09,13,15,22,14
718,20019,15,19,27,28,30,33,03
719,20018,05,07,08,11,17,22,13
720,20017,02,04,07,15,20,27,04
721,20016,05,06,08,17,24,27,07
722,20015,08,09,22,24,30,33,01
723,20014,02,07,08,10,12,16,07
724,20013,02,08,10,20,21,30,14
725,20012,04,13,14,23,26,31,09
726,20011,04,05,07,17,18,29,01
727,20010,11,14,22,27,31,32,09
728,20009,03,06,08,14,19,26,12
729,20008,01,04,06,10,11,28,16
730,20007,05,12,17,20,25,31,10
731,20006,03,04,05,10,16,32,09
732,20005,11,16,17,22,26,32,04
733,20004,02,15,17,27,32,33,03
734,20003,09,17,26,29,30,32,03
735,20002,04,09,14,15,16,29,11
736,20001,02,15,23,26,29,30,02
737,19151,02,06,09,18,24,26,14
738,19150,02,09,14,22,27,29,02
739,19149,01,06,27,28,31,33,07
740,19148,09,10,13,20,26,27,08
741,19147,01,09,12,14,23,27,12
742,19146,01,04,10,12,30,32,14
743,19145,01,08,13,17,18,19,16
744,19144,02,12,15,19,27,30,03
745,19143,05,13,15,16,26,32,09
746,19142,08,14,24,27,29,33,09
747,19141,10,13,14,15,17,33,14
748,19140,02,04,09,11,14,22,05
749,19139,08,14,20,23,30,33,11
750,19138,02,06,12,30,31,32,11
751,19137,07,10,13,19,23,31,06
752,19136,12,14,15,17,29,33,12
753,19135,03,06,10,11,27,33,03
754,19134,01,04,06,22,29,30,03
755,19133,03,07,16,21,24,31,07
756,19132,04,06,11,14,19,33,07
757,19131,09,17,19,20,24,31,04
758,19130,01,07,09,11,24,32,16
759,19129,03,04,07,09,15,26,07
760,19128,03,08,12,16,17,19,08
761,19127,02,06,07,12,17,24,10
762,19126,02,14,17,29,32,33,16
763,19125,02,11,12,26,27,29,03
764,19124,04,09,30,31,32,33,01
765,19123,02,06,08,17,28,30,06
766,19122,04,10,15,19,21,23,02
767,19121,02,06,15,21,30,31,02
768,19120,10,12,27,31,32,33,03
769,19119,04,20,22,24,26,33,07
770,19118,12,14,15,25,28,31,04
771,19117,03,05,11,28,32,33,01
772,19116,01,08,09,13,16,33,01
773,19115,04,10,11,14,15,29,05
774,19114,02,04,09,11,12,30,01
775,19113,01,05,19,21,25,33,15
776,19112,03,12,14,17,23,27,01
777,19111,07,18,20,22,24,33,01
778,19110,01,18,22,26,27,28,08
779,19109,03,06,07,17,28,31,10
780,19108,07,13,19,22,25,32,13
781,19107,02,06,08,23,27,32,02
782,19106,02,14,22,27,30,33,14
783,19105,02,13,15,17,26,33,01
784,19104,01,05,16,17,18,24,10
785,19103,04,12,14,21,27,29,12
786,19102,03,08,12,16,20,32,12
787,19101,01,04,09,21,31,33,05
788,19100,01,04,12,13,30,32,08
789,19099,07,14,22,23,27,30,08
790,19098,03,11,12,14,17,26,09
791,19097,03,05,18,24,25,31,09
792,19096,05,07,12,18,27,32,11
793,19095,02,05,14,19,21,28,01
794,19094,05,10,12,18,19,27,06
795,19093,05,07,08,09,20,22,02
796,19092,09,17,27,28,32,33,08
797,19091,07,10,21,24,29,32,11
798,19090,02,03,06,08,14,22,04
799,19089,02,04,14,16,20,22,11
800,19088,13,14,15,21,23,29,13
801,19087,04,05,07,09,21,30,04
802,19086,16,22,24,26,28,31,06
803,19085,01,04,14,18,24,29,04
804,19084,04,08,14,18,20,27,03
805,19083,06,15,17,26,28,31,03
806,19082,07,16,19,22,24,28,02
807,19081,05,24,27,29,31,32,10
808,19080,03,06,08,20,24,32,07
809,19079,01,03,06,09,19,31,16
810,19078,01,17,27,29,31,33,12
811,19077,09,11,13,18,21,22,15
812,19076,12,15,19,20,29,32,14
813,19075,05,08,20,22,31,33,03
814,19074,12,21,27,29,31,33,04
815,19073,01,02,06,12,16,18,08
816,19072,02,09,13,15,22,30,15
817,19071,01,08,19,24,29,30,04
818,19070,06,15,18,19,24,32,09
819,19069,06,11,16,19,21,25,01
820,19068,03,14,20,24,26,33,10
821,19067,04,06,08,11,30,33,11
822,19066,01,14,17,20,22,32,04
823,19065,06,09,11,15,20,26,10
824,19064,12,20,24,25,30,33,12
825,19063,01,14,19,22,29,31,16
826,19062,07,13,16,23,26,30,01
827,19061,03,17,19,24,27,31,12
828,19060,03,04,14,20,23,27,01
829,19059,04,05,07,09,16,18,06
830,19058,07,08,12,21,23,27,12
831,19057,04,05,06,08,13,18,16
832,19056,13,14,17,19,21,29,01
833,19055,01,06,11,15,19,31,10
834,19054,07,10,11,15,24,26,11
835,19053,04,16,22,25,29,31,08
836,19052,03,06,09,13,16,19,16
837,19051,08,09,10,13,15,28,09
838,19050,04,06,10,11,21,23,02
839,19049,03,10,13,22,23,28,15
840,19048,03,07,10,12,18,29,10
841,19047,03,11,18,25,30,33,14
842,19046,02,12,16,22,25,32,06
843,19045,01,06,17,19,27,31,14
844,19044,06,14,16,17,23,29,07
845,19043,01,06,12,13,24,32,13
846,19042,15,17,19,22,25,26,04
847,19041,02,09,13,23,24,26,16
848,19040,05,06,09,18,23,31,11
849,19039,06,07,11,14,27,32,08
850,19038,09,12,21,27,29,30,05
851,19037,01,07,12,14,18,25,10
852,19036,02,10,13,16,23,32,08
853,19035,01,05,07,09,10,20,16
854,19034,09,11,15,22,24,26,03
855,19033,09,15,19,21,23,29,15
856,19032,04,08,09,13,28,33,04
857,19031,03,13,15,18,21,33,16
858,19030,04,05,07,10,12,22,16
859,19029,08,11,17,23,32,33,10
860,19028,04,19,22,26,29,30,11
861,19027,02,06,08,10,11,17,13
862,19026,03,13,15,19,20,27,14
863,19025,15,16,21,27,30,33,04
864,19024,01,08,23,25,28,29,10
865,19023,01,10,14,15,18,31,13
866,19022,03,07,11,21,30,33,07
867,19021,02,05,07,08,20,27,04
868,19020,02,12,13,23,27,28,12
869,19019,03,11,17,18,24,25,06
870,19018,04,11,18,19,26,32,04
871,19017,04,05,24,28,30,33,09
872,19016,05,07,09,11,19,25,05
873,19015,11,15,16,20,24,31,04
874,19014,01,02,03,14,19,33,03
875,19013,05,07,14,16,18,21,01
876,19012,07,10,21,23,31,33,14
877,19011,10,13,19,21,24,30,07
878,19010,02,04,05,08,11,30,02
879,19009,01,07,10,22,31,32,15
880,19008,02,06,09,13,28,32,12
881,19007,06,10,14,15,19,23,15
882,19006,01,05,10,19,26,28,12
883,19005,21,22,26,28,31,32,07
884,19004,08,12,16,19,26,32,03
885,19003,13,17,20,21,22,27,01
886,19002,04,05,06,08,09,18,11
887,19001,06,10,13,15,32,33,15
888,18153,01,07,17,23,25,31,11
889,18152,04,14,16,23,28,29,03
890,18151,05,15,19,25,26,29,15
891,18150,06,08,15,19,20,31,05
892,18149,01,07,08,10,12,24,01
893,18148,03,06,18,19,21,31,01
894,18147,03,15,17,23,27,30,11
895,18146,02,10,11,17,18,29,16
896,18145,03,09,13,22,23,25,06
897,18144,08,13,17,18,20,27,13
898,18143,04,06,15,28,32,33,14
899,18142,05,08,10,11,27,28,11
900,18141,11,14,16,18,24,33,04
901,18140,01,15,20,22,25,28,14
902,18139,11,18,20,23,31,32,15
903,18138,01,10,25,27,30,32,09
904,18137,03,05,11,15,20,23,09
905,18136,10,12,15,25,26,27,14
906,18135,01,03,06,10,11,29,16
907,18134,03,16,18,31,32,33,12
908,18133,02,04,11,12,18,32,13
909,18132,01,02,09,10,15,22,06
910,18131,21,22,24,31,32,33,01
911,18130,05,12,17,18,24,28,12
912,18129,02,04,06,16,18,19,16
913,18128,06,07,08,19,22,23,02
914,18127,02,05,06,07,11,15,12
915,18126,01,06,08,09,14,22,05
916,18125,03,10,11,14,15,32,02
917,18124,09,13,14,19,22,25,02
918,18123,13,21,24,27,31,32,01
919,18122,05,07,20,22,30,32,10
920,18121,06,08,14,19,23,25,11
921,18120,03,04,18,26,27,33,01
922,18119,03,13,14,16,25,27,12
923,18118,08,12,21,22,27,31,09
924,18117,08,11,15,17,23,25,05
925,18116,05,14,17,22,23,28,15
926,18115,01,13,19,24,26,29,11
927,18114,01,07,15,16,20,27,14
928,18113,01,06,09,16,25,26,09
929,18112,05,08,18,25,26,31,04
930,18111,01,07,14,24,25,28,08
931,18110,11,13,16,21,22,23,02
932,18109,10,11,18,23,31,33,15
933,18108,05,13,18,21,26,30,02
934,18107,01,02,05,12,20,22,01
935,18106,04,18,19,24,25,26,10
936,18105,04,05,13,18,19,25,01
937,18104,02,03,06,19,25,29,01
938,18103,02,09,15,22,23,24,16
939,18102,02,06,11,19,21,28,05
940,18101,01,03,14,26,29,33,09
941,18100,02,11,14,15,29,33,02
942,18099,03,07,08,14,25,32,06
943,18098,06,10,11,20,29,32,13
944,18097,01,02,17,20,25,28,13
945,18096,01,05,09,20,28,32,12
946,18095,10,11,12,21,26,33,09
947,18094,04,07,16,20,24,30,05
948,18093,04,18,20,21,29,33,07
949,18092,06,10,16,19,24,33,16
950,18091,06,11,13,17,25,32,07
951,18090,01,02,04,10,14,23,07
952,18089,06,09,12,14,18,27,14
953,18088,03,05,12,29,30,32,14
954,18087,01,05,10,16,18,31,03
955,18086,02,07,17,21,23,26,16
956,18085,04,10,25,26,30,33,06
957,18084,05,06,08,12,22,24,03
958,18083,04,09,18,21,32,33,03
959,18082,06,12,14,20,22,24,09
960,18081,01,02,12,16,20,26,03
961,18080,04,07,13,20,29,33,03
962,18079,14,15,17,22,24,29,13
963,18078,03,10,14,17,18,30,12
964,18077,02,05,09,15,20,24,10
965,18076,03,07,08,15,29,30,13
966,18075,07,09,12,13,22,24,11
967,18074,09,11,14,20,27,30,09
968,18073,02,09,14,15,16,23,10
969,18072,11,16,19,22,25,30,08
970,18071,02,05,06,13,16,19,03
971,18070,04,09,15,16,19,27,10
972,18069,06,13,17,19,23,31,12
973,18068,08,10,17,20,27,30,01
974,18067,01,04,09,12,15,18,05
975,18066,09,16,17,19,22,26,10
976,18065,01,04,06,14,28,33,01
977,18064,02,05,10,11,17,21,05
978,18063,05,06,10,16,20,25,12
979,18062,02,18,19,24,25,33,11
980,18061,09,10,11,12,18,23,07
981,18060,04,08,13,25,30,31,10
982,18059,04,06,08,13,22,32,11
983,18058,07,12,13,16,26,31,07
984,18057,05,15,17,19,20,30,13
985,18056,01,03,06,20,21,26,01
986,18055,07,09,10,12,22,26,07
987,18054,04,06,18,22,25,33,16
988,18053,01,04,10,11,14,27,06
989,18052,03,05,06,09,15,32,14
990,18051,05,07,20,23,27,31,04
991,18050,01,02,04,10,18,19,07
992,18049,01,03,04,11,19,23,02
993,18048,01,12,20,25,30,31,02
994,18047,06,07,12,16,22,25,07
995,18046,10,13,14,18,20,31,03
996,18045,03,04,06,25,26,30,01
997,18044,05,09,12,17,27,30,06
998,18043,01,04,06,08,21,24,07
999,18042,06,10,21,28,29,31,12
1000,18041,07,08,20,23,24,32,13
1001,18040,01,03,08,13,18,23,16
1002,18039,08,12,18,19,23,32,03
1003,18038,15,23,24,25,28,29,09
1004,18037,01,06,07,08,27,30,10
1005,18036,08,17,24,26,28,33,04
1006,18035,07,10,11,17,23,28,15
1007,18034,01,05,11,22,23,26,15
1008,18033,04,19,20,22,28,33,06
1009,18032,21,22,23,24,25,32,06
1010,18031,02,16,18,19,27,30,14
1011,18030,13,14,20,21,25,33,07
1012,18029,01,02,09,14,22,25,05
1013,18028,03,08,11,14,18,23,16
1014,18027,02,07,09,14,18,28,05
1015,18026,04,07,12,14,26,32,04
1016,18025,04,13,16,19,21,25,14
1017,18024,11,19,22,26,31,32,02
1018,18023,12,15,16,21,26,29,16
1019,18022,07,14,19,21,22,23,03
1020,18021,03,04,06,11,23,28,14
1021,18020,06,09,10,14,28,30,05
1022,18019,03,11,12,16,21,23,09
1023,18018,02,12,13,18,25,27,07
1024,18017,03,06,11,26,30,32,12
1025,18016,01,11,12,18,25,27,16
1026,18015,11,15,20,21,26,33,15
1027,18014,09,12,20,24,28,31,07
1028,18013,06,08,13,15,22,33,06
1029,18012,11,12,13,19,26,28,12
1030,18011,03,10,21,23,27,33,11
1031,18010,01,08,17,20,21,22,03
1032,18009,05,10,17,23,26,32,07
1033,18008,05,09,10,12,17,19,13
1034,18007,13,14,20,25,27,31,12
1035,18006,02,07,08,09,17,29,11
1036,18005,02,20,21,28,31,33,06
1037,18004,14,18,19,26,30,31,11
1038,18003,01,14,16,17,20,31,04
1039,18002,07,18,24,29,31,33,16
1040,18001,01,08,11,26,28,31,04
1041,17154,05,09,13,15,18,26,05
1042,17153,07,11,12,13,18,19,16
1043,17152,06,10,23,25,26,29,05
1044,17151,02,05,07,09,11,27,16
1045,17150,06,14,19,20,21,23,08
1046,17149,05,08,15,20,27,30,13
1047,17148,04,07,11,14,29,32,12
1048,17147,03,07,20,21,25,31,14
1049,17146,01,19,25,26,27,33,10
1050,17145,02,06,12,17,25,28,12
1051,17144,03,14,16,20,31,32,09
1052,17143,04,06,09,14,20,29,14
1053,17142,08,13,14,18,23,33,06
1054,17141,01,06,07,11,13,15,05
1055,17140,21,22,25,28,29,30,08
1056,17139,02,14,20,24,28,32,16
1057,17138,01,17,24,28,32,33,02
1058,17137,05,10,20,23,26,31,03
1059,17136,03,07,10,18,21,24,12
1060,17135,01,06,07,14,18,26,16
1061,17134,04,05,11,14,28,32,04
1062,17133,06,15,17,18,23,30,11
1063,17132,02,03,05,09,13,28,11
1064,17131,01,07,10,11,26,27,11
1065,17130,05,13,14,23,25,31,02
1066,17129,05,06,09,14,21,33,02
1067,17128,02,06,13,22,29,31,08
1068,17127,14,15,21,24,27,32,12
1069,17126,01,16,17,21,27,30,16
1070,17125,01,14,23,25,29,30,03
1071,17124,02,06,11,26,28,29,03
1072,17123,04,05,06,11,21,31,10
1073,17122,11,20,21,22,24,27,15
1074,17121,11,18,19,22,24,32,07
1075,17120,08,10,15,19,23,28,16
1076,17119,09,16,21,25,26,31,14
1077,17118,08,09,15,22,30,33,16
1078,17117,01,02,08,11,14,21,09
1079,17116,02,14,20,22,30,32,02
1080,17115,04,10,11,25,30,31,01
1081,17114,06,12,13,15,18,26,13
1082,17113,04,06,16,27,29,33,05
1083,17112,03,10,14,16,22,23,11
1084,17111,05,10,17,19,29,32,12
1085,17110,01,03,12,15,19,23,14
1086,17109,08,14,16,18,21,23,16
1087,17108,07,12,14,15,17,20,01
1088,17107,08,09,15,17,30,32,06
1089,17106,12,15,20,25,27,31,02
1090,17105,03,06,07,12,25,26,07
1091,17104,01,14,15,20,23,30,14
1092,17103,01,21,23,25,31,33,01
1093,17102,04,08,10,14,18,20,11
1094,17101,01,04,11,28,31,32,16
1095,17100,04,07,08,18,23,24,02
1096,17099,02,05,06,16,28,29,04
1097,17098,04,19,22,27,30,33,01
1098,17097,05,10,18,19,30,31,03
1099,17096,02,06,11,12,19,29,06
1100,17095,09,10,12,19,22,29,16
1101,17094,08,11,13,19,28,31,06
1102,17093,07,08,09,15,22,27,12
1103,17092,10,18,19,29,32,33,09
1104,17091,05,07,10,23,28,29,03
1105,17090,01,07,10,16,22,33,09
1106,17089,11,12,13,16,23,25,12
1107,17088,07,09,18,22,23,29,06
1108,17087,03,06,13,14,19,28,06
1109,17086,03,05,06,13,20,22,07
1110,17085,01,05,06,16,25,30,09
1111,17084,01,05,11,20,22,24,02
1112,17083,03,08,14,20,24,26,12
1113,17082,14,18,21,25,28,29,10
1114,17081,03,05,14,25,26,30,05
1115,17080,01,12,16,20,22,24,08
1116,17079,03,07,14,23,25,27,08
1117,17078,05,07,18,19,22,24,16
1118,17077,01,02,04,15,17,22,14
1119,17076,01,04,08,09,14,15,13
1120,17075,01,03,06,19,21,29,07
1121,17074,02,06,16,23,30,31,02
1122,17073,03,06,16,23,26,30,14
1123,17072,06,11,14,23,26,30,02
1124,17071,02,03,06,14,31,32,03
1125,17070,01,06,14,22,25,26,12
1126,17069,02,11,12,23,29,31,05
1127,17068,02,06,10,22,30,31,15
1128,17067,01,03,04,10,18,29,04
1129,17066,01,04,06,17,19,26,03
1130,17065,02,05,08,10,12,21,07
1131,17064,02,10,16,22,24,28,15
1132,17063,12,16,20,22,25,31,04
1133,17062,01,07,22,24,26,31,10
1134,17061,06,07,12,20,26,27,11
1135,17060,05,10,13,24,26,31,04
1136,17059,04,08,09,15,19,25,09
1137,17058,01,09,13,22,28,32,11
1138,17057,18,20,22,23,30,31,16
1139,17056,13,14,18,19,21,28,06
1140,17055,07,12,13,20,24,31,05
1141,17054,02,03,09,23,28,33,08
1142,17053,04,09,11,15,29,31,06
1143,17052,07,08,18,24,29,31,07
1144,17051,02,05,09,15,24,25,11
1145,17050,10,12,20,24,27,29,07
1146,17049,01,08,14,15,20,29,10
1147,17048,05,08,09,14,15,19,07
1148,17047,02,05,08,10,32,33,02
1149,17046,04,13,14,23,26,32,10
1150,17045,05,07,16,20,21,25,05
1151,17044,08,16,19,21,31,32,06
1152,17043,08,13,16,23,27,31,08
1153,17042,01,02,04,07,10,23,04
1154,17041,04,10,13,15,22,27,04
1155,17040,15,19,23,28,29,33,04
1156,17039,02,04,12,14,17,24,15
1157,17038,01,04,08,13,24,27,05
1158,17037,11,15,20,22,25,30,05
1159,17036,01,02,05,10,24,27,15
1160,17035,01,06,14,24,28,32,12
1161,17034,04,07,08,19,32,33,13
1162,17033,05,07,15,20,23,30,15
1163,17032,05,08,15,24,27,31,11
1164,17031,06,10,16,26,27,29,03
1165,17030,01,07,09,20,23,30,02
1166,17029,02,15,21,23,25,30,10
1167,17028,07,08,12,13,22,30,09
1168,17027,02,04,11,14,27,30,05
1169,17026,03,10,12,19,27,30,08
1170,17025,02,15,16,17,22,32,07
1171,17024,09,21,25,26,29,31,13
1172,17023,01,03,04,11,18,22,14
1173,17022,02,06,15,16,18,32,15
1174,17021,02,05,10,22,32,33,09
1175,17020,04,08,10,12,31,33,10
1176,17019,04,06,08,12,23,25,08
1177,17018,01,02,03,17,25,31,09
1178,17017,03,07,08,10,22,23,12
1179,17016,05,08,16,22,27,29,02
1180,17015,01,08,09,14,17,32,01
1181,17014,06,08,18,20,23,31,13
1182,17013,08,11,28,29,31,33,06
1183,17012,10,11,14,15,16,24,07
1184,17011,10,11,12,23,26,29,16
1185,17010,05,08,19,25,28,30,07
1186,17009,02,06,08,09,15,29,14
1187,17008,07,13,15,27,28,29,13
1188,17007,02,04,05,24,26,33,15
1189,17006,02,04,08,26,29,33,08
1190,17005,06,11,12,22,23,30,05
1191,17004,05,13,17,26,27,30,07
1192,17003,01,04,08,15,27,32,16
1193,17002,15,19,23,24,25,32,03
1194,17001,09,11,14,20,25,26,15
1195,16153,07,09,16,24,25,29,06
1196,16152,02,08,09,16,20,22,07
1197,16151,06,11,16,20,22,33,07
1198,16150,02,04,05,09,13,21,05
1199,16149,03,20,23,26,32,33,07
1200,16148,01,02,11,20,26,30,14
1201,16147,04,14,18,28,31,32,12
1202,16146,03,07,15,16,17,23,10
1203,16145,01,03,07,12,19,20,06
1204,16144,04,10,12,27,32,33,05
1205,16143,06,09,23,24,25,33,13
1206,16142,01,10,17,21,23,30,12
1207,16141,04,13,15,17,21,24,15
1208,16140,01,02,05,17,26,32,10
1209,16139,01,06,19,26,28,30,03
1210,16138,07,16,20,24,25,30,07
1211,16137,01,06,09,10,15,32,14
1212,16136,02,07,10,20,27,29,03
1213,16135,02,08,10,18,20,33,12
1214,16134,11,12,13,14,18,33,13
1215,16133,15,16,21,22,27,33,15
1216,16132,05,08,13,19,27,28,07
1217,16131,04,10,18,19,25,27,02
1218,16130,03,17,21,23,27,28,01
1219,16129,05,06,08,21,31,33,14
1220,16128,04,09,11,17,26,27,13
1221,16127,07,12,17,26,29,31,16
1222,16126,02,06,12,17,18,19,10
1223,16125,01,06,08,20,27,30,03
1224,16124,09,15,21,24,27,32,10
1225,16123,07,09,12,14,20,27,16
1226,16122,15,22,23,24,28,29,08
1227,16121,02,03,10,23,25,28,09
1228,16120,02,05,06,21,25,28,09
1229,16119,09,19,21,30,31,32,04
1230,16118,09,14,22,23,31,33,14
1231,16117,03,10,14,17,28,33,02
1232,16116,07,18,20,23,27,31,13
1233,16115,06,08,20,22,26,27,09
1234,16114,05,16,20,22,27,29,09
1235,16113,01,11,16,17,20,26,14
1236,16112,06,12,14,15,18,25,12
1237,16111,02,04,07,14,15,32,04
1238,16110,05,07,28,31,32,33,08
1239,16109,09,11,15,16,27,33,05
1240,16108,02,03,07,08,19,26,16
1241,16107,06,11,18,26,27,32,01
1242,16106,04,05,13,22,25,30,04
1243,16105,08,10,19,27,28,31,16
1244,16104,05,09,11,18,30,31,04
1245,16103,01,05,13,19,24,27,11
1246,16102,05,08,10,14,17,30,13
1247,16101,01,03,19,24,32,33,01
1248,16100,03,10,22,23,27,29,04
1249,16099,01,11,21,23,27,33,06
1250,16098,02,08,25,29,31,32,06
1251,16097,06,13,25,26,28,31,01
1252,16096,06,13,14,21,22,24,16
1253,16095,01,05,09,12,18,32,12
1254,16094,06,07,10,12,18,31,10
1255,16093,06,09,15,17,25,27,09
1256,16092,02,13,15,23,24,29,06
1257,16091,04,08,14,22,23,28,07
1258,16090,02,13,17,20,21,26,07
1259,16089,01,03,14,30,31,32,08
1260,16088,03,14,16,18,25,33,15
1261,16087,02,03,10,11,14,21,12
1262,16086,09,10,11,12,15,32,05
1263,16085,01,12,19,20,21,25,16
1264,16084,02,04,12,18,24,26,05
1265,16083,09,16,17,24,30,31,04
1266,16082,06,12,14,15,17,20,09
1267,16081,02,06,15,25,30,32,07
1268,16080,01,16,17,24,25,32,14
1269,16079,01,03,10,12,24,28,02
1270,16078,02,04,08,23,26,29,02
1271,16077,01,09,17,19,20,29,10
1272,16076,07,08,13,22,30,32,01
1273,16075,01,03,06,16,29,32,07
1274,16074,06,10,11,12,20,25,12
1275,16073,09,11,12,15,16,20,13
1276,16072,05,16,19,22,24,25,02
1277,16071,19,21,26,28,29,32,01
1278,16070,03,06,11,18,23,29,01
1279,16069,08,10,11,20,21,27,11
1280,16068,08,19,23,28,31,32,01
1281,16067,09,13,18,20,27,31,04
1282,16066,03,07,13,18,19,20,05
1283,16065,13,16,22,25,26,27,14
1284,16064,03,12,14,17,19,26,03
1285,16063,16,17,18,23,28,32,07
1286,16062,12,13,15,18,19,21,09
1287,16061,05,06,08,18,20,32,08
1288,16060,04,05,22,26,29,32,08
1289,16059,04,11,12,20,25,28,15
1290,16058,03,05,18,20,24,32,11
1291,16057,07,12,19,22,23,26,11
1292,16056,03,04,08,11,16,18,14
1293,16055,05,06,10,16,22,26,11
1294,16054,06,11,16,19,28,32,04
1295,16053,02,08,10,12,29,31,01
1296,16052,01,06,13,19,24,28,16
1297,16051,01,02,04,09,15,33,12
1298,16050,09,12,24,28,29,30,02
1299,16049,06,08,13,14,22,27,10
1300,16048,03,08,13,14,15,30,04
1301,16047,02,05,08,15,17,22,16
1302,16046,07,20,25,26,27,30,14
1303,16045,04,09,12,17,30,32,03
1304,16044,01,03,10,12,18,30,01
1305,16043,05,14,20,26,30,33,12
1306,16042,07,14,17,23,26,31,09
1307,16041,12,17,18,21,22,24,04
1308,16040,03,13,19,20,23,26,03
1309,16039,01,03,07,18,19,27,16
1310,16038,03,12,13,22,28,29,03
1311,16037,06,15,26,31,32,33,16
1312,16036,03,04,07,09,20,22,03
1313,16035,04,13,19,20,26,29,11
1314,16034,03,15,21,22,23,28,15
1315,16033,06,17,18,20,27,29,15
1316,16032,08,12,14,15,21,27,15
1317,16031,03,08,10,19,26,33,03
1318,16030,10,14,19,22,25,29,12
1319,16029,12,15,18,20,21,27,15
1320,16028,06,08,12,21,25,29,01
1321,16027,11,13,15,17,19,31,05
1322,16026,04,09,12,28,30,33,01
1323,16025,04,11,12,17,24,30,12
1324,16024,02,05,07,14,18,31,13
1325,16023,03,06,10,19,25,29,07
1326,16022,04,09,19,22,23,30,07
1327,16021,09,11,13,22,24,26,05
1328,16020,01,02,10,12,22,24,10
1329,16019,06,13,16,17,23,30,10
1330,16018,12,13,14,17,21,25,04
1331,16017,05,06,08,20,22,30,05
1332,16016,01,20,22,24,25,26,16
1333,16015,01,02,14,22,25,26,07
1334,16014,02,08,10,18,20,27,07
1335,16013,07,12,21,22,26,31,01
1336,16012,07,12,14,16,27,32,15
1337,16011,03,08,10,15,22,29,12
1338,16010,02,04,12,14,19,25,06
1339,16009,10,14,24,25,27,32,04
1340,16008,02,15,24,29,32,33,02
1341,16007,05,12,14,20,27,29,06
1342,16006,13,16,18,20,28,31,12
1343,16005,11,14,18,20,31,33,14
1344,16004,08,10,17,22,25,33,12
1345,16003,01,10,14,23,26,28,01
1346,16002,09,14,17,20,24,30,16
1347,16001,06,13,16,18,20,22,13
1348,15154,07,09,11,15,18,25,07
1349,15153,08,11,15,22,27,29,03
1350,15152,11,18,19,21,29,32,12
1351,15151,05,06,08,23,31,32,11
1352,15150,01,03,08,11,29,31,13
1353,15149,09,10,20,21,22,33,09
1354,15148,09,13,14,22,26,27,07
1355,15147,08,09,16,23,24,30,05
1356,15146,16,17,21,28,30,32,15
1357,15145,07,08,15,19,20,24,13
1358,15144,01,04,07,15,28,32,16
1359,15143,13,15,19,20,21,32,04
1360,15142,13,17,19,20,22,25,11
1361,15141,03,08,19,25,27,28,02
1362,15140,06,20,28,29,30,31,12
1363,15139,01,10,13,18,25,27,09
1364,15138,01,02,08,16,19,24,11
1365,15137,14,22,23,27,28,31,12
1366,15136,02,05,12,23,28,29,01
1367,15135,01,12,14,18,26,32,07
1368,15134,02,05,14,19,27,31,04
1369,15133,02,03,13,20,22,24,15
1370,15132,03,05,11,28,30,33,01
1371,15131,10,12,13,19,22,26,03
1372,15130,06,14,15,16,17,22,10
1373,15129,05,08,11,16,18,27,04
1374,15128,01,03,08,11,22,28,06
1375,15127,07,10,19,22,27,33,06
1376,15126,10,11,15,20,23,29,12
1377,15125,05,13,22,27,30,33,10
1378,15124,02,03,05,12,18,27,01
1379,15123,05,08,09,12,22,28,07
1380,15122,05,07,11,16,22,25,07
1381,15121,01,03,20,21,28,29,12
1382,15120,16,21,24,26,27,29,16
1383,15119,02,08,10,18,23,31,08
1384,15118,01,04,11,21,23,31,12
1385,15117,04,11,12,18,26,32,12
1386,15116,04,06,15,23,26,28,11
1387,15115,01,07,08,14,24,32,03
1388,15114,04,07,09,13,21,26,01
1389,15113,01,05,07,08,19,27,12
1390,15112,01,03,10,19,20,27,11
1391,15111,08,14,16,18,20,30,12
1392,15110,05,07,16,17,22,23,04
1393,15109,01,08,09,16,32,33,13
1394,15108,02,12,19,22,24,27,15
1395,15107,07,14,16,18,21,25,08
1396,15106,01,03,04,23,31,32,13
1397,15105,09,10,16,19,20,26,12
1398,15104,09,18,21,23,25,26,01
1399,15103,06,08,13,26,30,32,14
1400,15102,07,09,12,14,21,23,06
1401,15101,08,16,22,24,28,29,05
1402,15100,02,03,11,17,19,21,08
1403,15099,06,07,10,11,14,22,09
1404,15098,06,09,13,26,27,33,01
1405,15097,09,12,14,20,26,27,04
1406,15096,06,16,17,23,24,31,07
1407,15095,04,15,21,28,30,31,04
1408,15094,01,04,06,13,16,17,10
1409,15093,01,03,13,21,25,31,08
1410,15092,09,15,19,21,26,27,01
1411,15091,05,07,17,19,22,31,11
1412,15090,10,12,14,22,25,33,15
1413,15089,12,14,19,27,28,29,01
1414,15088,02,12,20,24,29,31,09
1415,15087,09,15,16,19,20,28,11
1416,15086,05,06,08,16,18,22,12
1417,15085,02,08,25,27,28,29,05
1418,15084,15,18,20,22,28,29,15
1419,15083,06,07,16,18,29,32,05
1420,15082,02,08,09,14,28,30,07
1421,15081,13,20,22,26,28,31,13
1422,15080,14,17,25,27,28,30,02
1423,15079,09,14,15,20,26,32,11
1424,15078,03,07,20,22,26,29,02
1425,15077,01,06,08,10,13,27,16
1426,15076,01,09,10,19,23,27,09
1427,15075,06,11,13,19,21,32,04
1428,15074,04,07,21,25,26,29,08
1429,15073,01,02,17,22,26,27,04
1430,15072,01,03,05,20,21,31,05
1431,15071,08,18,20,28,29,31,08
1432,15070,01,07,13,19,21,29,15
1433,15069,01,13,17,18,23,30,15
1434,15068,06,15,18,21,26,27,10
1435,15067,02,05,08,24,25,31,14
1436,15066,05,08,11,17,24,28,16
1437,15065,08,10,14,19,26,29,12
1438,15064,11,12,14,17,23,27,01
1439,15063,01,07,09,16,22,32,12
1440,15062,09,14,15,18,21,26,16
1441,15061,06,18,22,26,32,33,04
1442,15060,01,03,18,27,31,32,13
1443,15059,02,06,09,16,25,32,14
1444,15058,02,09,10,18,19,20,15
1445,15057,09,20,24,25,26,32,04
1446,15056,01,07,08,16,18,20,14
1447,15055,01,10,15,18,19,28,02
1448,15054,01,02,07,10,22,26,07
1449,15053,03,07,17,22,32,33,10
1450,15052,02,04,11,16,25,26,12
1451,15051,04,10,24,26,28,32,09
1452,15050,03,09,12,16,17,31,04
1453,15049,07,12,14,17,20,23,05
1454,15048,13,16,17,22,25,27,10
1455,15047,02,03,20,24,26,27,09
1456,15046,05,07,10,14,23,31,01
1457,15045,01,05,13,22,30,31,07
1458,15044,02,03,04,13,14,16,02
1459,15043,11,12,15,24,26,27,15
1460,15042,09,10,19,21,23,32,08
1461,15041,04,09,11,17,21,25,06
1462,15040,13,16,18,27,30,32,16
1463,15039,01,13,15,26,29,30,12
1464,15038,05,06,11,12,14,33,14
1465,15037,05,07,12,18,28,31,03
1466,15036,04,06,16,17,26,33,03
1467,15035,01,08,09,22,24,33,03
1468,15034,12,13,17,18,20,27,13
1469,15033,03,06,21,29,31,32,05
1470,15032,11,14,16,18,29,32,16
1471,15031,01,05,07,22,26,32,11
1472,15030,08,11,14,15,16,26,07
1473,15029,07,14,15,19,21,28,07
1474,15028,04,07,10,26,27,28,14
1475,15027,05,07,09,16,26,29,07
1476,15026,02,13,17,21,22,33,13
1477,15025,10,11,12,15,27,32,14
1478,15024,09,11,16,18,23,24,10
1479,15023,08,09,10,13,29,30,01
1480,15022,04,07,10,16,23,25,10
1481,15021,14,15,16,17,27,28,08
1482,15020,01,04,07,19,22,23,04
1483,15019,02,06,11,19,25,26,04
1484,15018,06,09,12,14,28,29,09
1485,15017,13,18,20,25,27,33,12
1486,15016,02,06,10,15,17,31,13
1487,15015,01,07,20,24,25,33,04
1488,15014,02,12,16,19,27,30,11
1489,15013,08,09,24,25,26,29,01
1490,15012,03,05,22,23,29,31,06
1491,15011,04,14,15,17,18,20,15
1492,15010,01,02,03,08,21,31,09
1493,15009,04,07,14,17,21,25,14
1494,15008,04,07,10,16,20,22,03
1495,15007,01,07,09,17,20,33,08
1496,15006,01,10,11,29,31,33,13
1497,15005,07,10,16,17,18,32,15
1498,15004,02,14,15,16,23,24,10
1499,15003,10,15,20,23,24,31,15
1500,15002,07,15,16,25,28,32,05
1501,15001,01,07,09,16,20,23,06
1502,14152,08,13,15,20,21,25,12
1503,14151,04,05,08,11,21,27,08
1504,14150,03,08,14,22,24,32,09
1505,14149,07,09,10,15,19,33,01
1506,14148,01,02,05,12,15,16,13
1507,14147,06,07,22,26,31,32,10
1508,14146,01,06,13,20,29,32,01
1509,14145,10,12,13,23,26,29,11
1510,14144,03,05,06,09,10,27,14
1511,14143,03,12,18,20,25,26,16
1512,14142,06,21,22,23,25,28,13
1513,14141,08,09,11,16,21,24,10
1514,14140,06,10,11,14,17,33,06
1515,14139,01,14,15,20,25,29,11
1516,14138,04,06,13,29,31,33,13
1517,14137,03,06,09,11,25,29,09
1518,14136,03,16,19,27,31,32,10
1519,14135,02,04,11,13,25,33,01
1520,14134,05,16,22,23,26,28,02
1521,14133,13,14,16,23,30,31,13
1522,14132,05,06,14,15,18,33,08
1523,14131,05,17,21,22,28,32,14
1524,14130,01,02,10,24,30,33,10
1525,14129,05,08,09,20,28,32,02
1526,14128,05,07,08,17,18,24,14
1527,14127,02,10,12,21,23,27,12
1528,14126,06,11,16,17,22,27,01
1529,14125,10,11,15,26,31,32,06
1530,14124,02,17,20,24,31,33,04
1531,14123,01,06,11,17,28,33,05
1532,14122,06,09,11,16,20,29,11
1533,14121,01,02,13,22,28,30,09
1534,14120,01,07,12,16,23,28,04
1535,14119,06,13,17,20,26,29,09
1536,14118,05,07,15,18,26,30,03
1537,14117,05,10,17,25,28,29,04
1538,14116,09,10,14,15,19,29,16
1539,14115,01,09,10,11,13,32,03
1540,14114,02,07,23,30,32,33,10
1541,14113,12,14,28,31,32,33,07
1542,14112,01,15,16,21,24,30,03
1543,14111,02,08,17,20,22,28,02
1544,14110,01,08,11,13,19,30,06
1545,14109,02,05,11,15,19,28,02
1546,14108,03,08,09,20,23,28,02
1547,14107,11,14,17,22,25,27,16
1548,14106,09,14,17,18,21,25,15
1549,14105,14,16,17,19,27,32,04
1550,14104,02,06,12,19,27,28,13
1551,14103,03,08,09,10,18,33,04
1552,14102,14,16,21,24,28,31,13
1553,14101,16,18,20,23,24,32,07
1554,14100,01,06,09,10,14,16,11
1555,14099,01,05,10,11,13,32,14
1556,14098,02,13,17,20,29,31,07
1557,14097,07,13,24,25,27,32,15
1558,14096,12,14,17,19,22,24,08
1559,14095,05,06,08,14,22,31,08
1560,14094,01,10,18,20,23,29,01
1561,14093,02,08,09,10,20,29,05
1562,14092,03,13,18,19,22,26,07
1563,14091,01,05,12,19,27,29,14
1564,14090,05,09,11,19,24,32,13
1565,14089,04,06,14,17,27,30,09
1566,14088,03,06,11,14,16,29,15
1567,14087,06,18,22,23,32,33,06
1568,14086,02,04,10,12,14,30,08
1569,14085,01,02,11,19,23,29,08
1570,14084,01,06,09,10,13,25,08
1571,14083,05,06,19,21,23,33,12
1572,14082,02,04,20,25,26,29,11
1573,14081,08,14,22,24,27,29,10
1574,14080,05,14,16,17,25,30,07
1575,14079,02,07,16,22,27,28,02
1576,14078,02,03,05,06,09,17,07
1577,14077,08,09,12,15,19,22,10
1578,14076,06,10,12,17,18,33,11
1579,14075,03,09,11,22,27,29,06
1580,14074,01,03,06,13,30,31,12
1581,14073,01,12,16,20,30,33,02
1582,14072,01,03,07,13,19,32,16
1583,14071,02,04,12,17,22,25,14
1584,14070,01,07,09,19,28,29,07
1585,14069,05,12,17,19,25,30,11
1586,14068,04,12,13,22,27,29,16
1587,14067,01,06,07,17,18,23,06
1588,14066,02,05,15,17,18,21,16
1589,14065,03,04,05,08,10,22,06
1590,14064,02,09,15,16,29,32,14
1591,14063,03,08,17,21,22,31,16
1592,14062,06,09,15,24,25,26,09
1593,14061,02,14,17,27,28,31,08
1594,14060,03,05,14,18,25,33,06
1595,14059,05,08,12,13,23,25,13
1596,14058,02,03,12,13,14,25,11
1597,14057,02,04,12,18,23,31,08
1598,14056,01,11,18,20,28,29,01
1599,14055,02,09,14,19,21,30,04
1600,14054,01,04,05,11,29,30,14
1601,14053,14,17,19,22,26,31,02
1602,14052,09,13,15,28,30,33,08
1603,14051,10,16,19,21,23,24,13
1604,14050,03,17,23,25,26,32,13
1605,14049,06,07,16,17,23,32,06
1606,14048,06,09,16,17,24,25,16
1607,14047,08,10,11,12,19,29,15
1608,14046,02,10,11,17,18,22,10
1609,14045,02,04,09,11,19,22,15
1610,14044,04,09,21,27,28,33,12
1611,14043,02,05,09,14,24,33,09
1612,14042,12,15,20,25,28,33,14
1613,14041,07,11,16,18,21,22,02
1614,14040,03,04,06,11,12,15,08
1615,14039,03,11,15,19,20,31,07
1616,14038,04,07,22,23,24,33,16
1617,14037,06,13,14,24,25,30,07
1618,14036,01,07,08,09,11,22,03
1619,14035,07,08,09,17,32,33,06
1620,14034,01,03,04,08,25,31,06
1621,14033,05,13,23,28,32,33,12
1622,14032,01,02,14,22,29,33,07
1623,14031,04,10,16,17,21,27,14
1624,14030,12,18,19,23,24,30,10
1625,14029,02,07,14,16,21,29,14
1626,14028,06,16,21,27,30,32,05
1627,14027,08,10,14,16,30,31,01
1628,14026,01,02,05,06,11,23,14
1629,14025,01,05,10,14,16,30,16
1630,14024,08,10,16,20,23,30,09
1631,14023,07,09,13,17,21,22,10
1632,14022,04,06,07,10,21,26,16
1633,14021,08,10,15,17,22,29,12
1634,14020,09,14,17,23,24,25,15
1635,14019,02,10,15,19,20,21,07
1636,14018,13,17,18,21,30,33,15
1637,14017,04,06,07,14,25,26,10
1638,14016,02,03,07,13,21,24,08
1639,14015,02,11,19,30,32,33,09
1640,14014,04,09,19,22,25,29,15
1641,14013,05,09,13,15,17,21,13
1642,14012,01,08,11,19,21,24,08
1643,14011,09,10,13,14,21,32,02
1644,14010,05,07,08,20,31,33,11
1645,14009,08,09,19,20,25,32,16
1646,14008,05,14,16,21,29,30,12
1647,14007,08,10,12,14,18,28,14
1648,14006,03,04,07,17,21,27,14
1649,14005,15,18,23,27,32,33,04
1650,14004,01,04,19,22,24,25,15
1651,14003,06,10,11,28,30,33,12
1652,14002,04,21,23,31,32,33,04
1653,14001,03,09,15,20,27,29,01
1654,13154,07,11,14,19,24,29,05
1655,13153,08,11,13,18,28,33,10
1656,13152,04,06,14,16,18,29,05
1657,13151,03,09,10,19,28,33,09
1658,13150,01,15,16,25,26,29,10
1659,13149,09,18,25,26,30,32,11
1660,13148,06,11,12,14,17,22,01
1661,13147,02,15,16,17,19,30,08
1662,13146,08,20,25,30,32,33,01
1663,13145,06,10,13,16,23,24,15
1664,13144,05,07,12,19,27,31,02
1665,13143,12,18,21,22,27,32,11
1666,13142,11,12,14,20,22,29,14
1667,13141,03,04,05,25,30,31,04
1668,13140,01,05,12,13,21,22,10
1669,13139,07,08,11,13,21,27,08
1670,13138,04,15,16,24,27,28,03
1671,13137,04,17,19,23,24,27,10
1672,13136,04,06,14,16,18,26,06
1673,13135,09,23,24,25,29,31,12
1674,13134,01,17,18,19,25,29,10
1675,13133,04,07,12,19,22,25,01
1676,13132,20,21,22,23,25,27,12
1677,13131,04,06,12,17,19,26,09
1678,13130,01,03,15,16,31,33,08
1679,13129,05,06,10,14,27,31,14
1680,13128,07,13,17,19,25,31,08
1681,13127,02,03,13,20,22,33,14
1682,13126,04,10,19,27,31,33,16
1683,13125,04,06,08,18,25,28,16
1684,13124,03,09,15,23,25,30,07
1685,13123,01,02,06,11,17,25,02
1686,13122,07,10,13,15,26,27,11
1687,13121,04,05,06,07,25,27,07
1688,13120,05,06,13,18,23,31,11
1689,13119,05,15,20,22,26,32,09
1690,13118,02,03,17,22,32,33,16
1691,13117,09,12,13,24,27,33,16
1692,13116,12,15,21,26,32,33,07
1693,13115,03,12,16,17,18,27,08
1694,13114,04,06,17,21,23,33,07
1695,13113,04,07,11,17,24,33,09
1696,13112,01,06,12,13,22,31,07
1697,13111,01,02,03,06,08,33,13
1698,13110,15,17,18,21,29,32,13
1699,13109,09,23,24,27,29,32,08
1700,13108,16,21,22,28,31,32,05
1701,13107,07,09,11,17,28,31,11
1702,13106,09,11,23,30,31,32,06
1703,13105,01,11,23,27,31,32,09
1704,13104,01,02,04,15,17,28,11
1705,13103,02,04,09,13,18,20,07
1706,13102,02,04,05,06,08,16,03
1707,13101,05,07,09,23,27,32,01
1708,13100,04,08,11,14,16,20,11
1709,13099,05,11,20,21,26,31,03
1710,13098,07,15,18,19,20,26,14
1711,13097,05,14,17,22,23,25,07
1712,13096,01,02,22,28,29,30,15
1713,13095,01,06,15,19,28,29,10
1714,13094,02,04,14,18,20,22,07
1715,13093,01,02,08,26,29,31,14
1716,13092,07,11,15,21,26,31,06
1717,13091,04,14,24,25,28,31,10
1718,13090,02,05,11,23,24,29,08
1719,13089,04,08,12,19,21,25,13
1720,13088,09,15,20,21,22,24,14
1721,13087,02,13,19,23,24,28,05
1722,13086,02,04,11,13,16,26,11
1723,13085,02,08,12,14,16,32,16
1724,13084,05,07,09,11,20,21,03
1725,13083,05,06,12,14,19,23,09
1726,13082,04,13,14,20,22,30,06
1727,13081,01,04,10,13,21,31,13
1728,13080,10,11,12,23,28,32,16
1729,13079,07,13,17,19,22,26,13
1730,13078,03,05,17,18,26,27,15
1731,13077,09,14,23,24,26,29,03
1732,13076,14,23,24,26,29,30,03
1733,13075,04,06,09,25,30,33,14
1734,13074,03,06,08,14,19,32,03
1735,13073,02,09,13,17,20,28,11
1736,13072,02,08,11,14,19,33,09
1737,13071,05,12,21,23,26,28,09
1738,13070,02,03,09,10,28,30,06
1739,13069,07,16,17,18,30,33,06
1740,13068,02,07,13,20,25,27,06
1741,13067,01,04,09,15,22,30,06
1742,13066,01,03,16,17,20,32,07
1743,13065,07,18,19,23,29,30,02
1744,13064,01,09,13,22,25,32,12
1745,13063,10,15,18,20,23,31,12
1746,13062,01,06,07,19,22,27,02
1747,13061,05,06,07,12,13,18,12
1748,13060,05,07,10,13,19,20,15
1749,13059,03,10,18,24,27,29,09
1750,13058,08,11,17,21,23,24,05
1751,13057,13,16,19,23,26,28,05
1752,13056,03,12,25,26,28,29,16
1753,13055,08,18,19,22,27,32,06
1754,13054,03,04,08,14,21,28,14
1755,13053,03,12,13,22,30,33,14
1756,13052,06,07,14,21,22,24,13
1757,13051,08,12,15,19,28,29,02
1758,13050,03,07,13,18,22,25,03
1759,13049,10,13,14,16,21,32,14
1760,13048,10,13,17,28,30,32,04
1761,13047,01,08,11,17,27,30,12
1762,13046,03,16,19,20,24,26,06
1763,13045,06,07,08,14,23,31,12
1764,13044,03,05,11,18,26,28,06
1765,13043,03,06,14,15,17,25,16
1766,13042,01,08,12,13,15,33,03
1767,13041,02,10,12,17,23,24,05
1768,13040,02,04,10,12,17,30,10
1769,13039,01,02,14,15,24,29,06
1770,13038,09,10,12,14,15,19,11
1771,13037,02,15,18,27,28,32,14
1772,13036,04,05,09,27,29,31,13
1773,13035,01,14,15,17,26,30,02
1774,13034,06,15,20,22,26,33,09
1775,13033,05,06,13,17,19,28,01
1776,13032,04,21,25,29,30,33,03
1777,13031,03,13,14,15,21,33,03
1778,13030,07,14,18,25,26,29,06
1779,13029,06,07,10,19,23,29,12
1780,13028,07,08,14,25,26,28,13
1781,13027,01,02,04,12,21,24,12
1782,13026,04,11,14,15,22,31,11
1783,13025,16,17,18,24,25,30,08
1784,13024,04,05,13,23,27,30,09
1785,13023,03,06,15,18,30,32,05
1786,13022,02,04,07,09,15,20,07
1787,13021,01,06,17,19,26,31,11
1788,13020,01,07,08,12,16,21,01
1789,13019,01,02,05,16,20,26,06
1790,13018,02,08,13,28,29,30,05
1791,13017,04,06,12,30,31,32,09
1792,13016,02,05,06,12,14,28,05
1793,13015,05,06,07,11,13,18,15
1794,13014,02,04,05,17,19,20,08
1795,13013,05,06,13,19,22,28,09
1796,13012,06,14,17,22,28,29,02
1797,13011,03,12,17,24,27,29,09
1798,13010,01,09,11,17,32,33,12
1799,13009,01,04,09,13,16,23,02
1800,13008,03,08,17,21,25,32,15
1801,13007,02,09,15,22,26,32,01
1802,13006,09,10,13,17,22,30,13
1803,13005,01,13,14,25,31,32,12
1804,13004,06,10,16,20,27,32,08
1805,13003,22,23,26,27,28,33,09
1806,13002,01,16,18,22,28,30,12
1807,13001,06,08,14,15,24,25,06
1808,12154,05,07,12,16,28,32,04
1809,12153,04,05,11,21,27,28,10
1810,12152,10,12,18,22,28,29,07
1811,12151,05,14,24,25,26,32,01
1812,12150,09,11,17,23,24,26,07
1813,12149,01,05,13,25,26,32,13
1814,12148,03,06,11,17,21,31,07
1815,12147,02,12,15,23,24,32,09
1816,12146,01,05,07,13,29,32,13
1817,12145,05,20,26,27,28,33,03
1818,12144,03,10,12,13,27,30,04
1819,12143,07,08,18,25,30,32,06
1820,12142,05,18,22,28,29,31,06
1821,12141,03,05,08,19,20,27,09
1822,12140,14,18,27,30,31,33,15
1823,12139,08,19,21,24,28,31,15
1824,12138,01,07,16,17,19,21,14
1825,12137,01,02,04,06,13,17,07
1826,12136,02,07,08,17,21,28,11
1827,12135,02,05,07,08,11,17,16
1828,12134,02,05,06,07,13,23,15
1829,12133,01,08,11,20,21,29,02
1830,12132,07,12,16,17,21,25,10
1831,12131,06,18,19,26,28,32,12
1832,12130,01,03,15,20,22,31,03
1833,12129,01,07,09,17,21,29,01
1834,12128,05,09,12,29,30,31,05
1835,12127,01,09,11,21,26,32,08
1836,12126,03,05,12,15,23,24,07
1837,12125,08,12,13,26,29,33,01
1838,12124,06,07,21,25,27,33,11
1839,12123,08,10,16,25,28,33,09
1840,12122,12,13,19,22,28,29,11
1841,12121,01,07,08,20,23,24,11
1842,12120,01,04,20,24,28,29,16
1843,12119,12,20,25,26,27,28,13
1844,12118,05,06,07,12,15,28,11
1845,12117,13,15,18,20,24,28,09
1846,12116,03,21,26,29,31,32,03
1847,12115,03,08,20,24,26,32,14
1848,12114,01,06,11,26,27,29,15
1849,12113,03,06,09,13,18,32,06
1850,12112,08,15,20,21,27,31,06
1851,12111,02,09,10,20,22,31,13
1852,12110,03,07,10,13,22,32,09
1853,12109,02,12,24,26,29,31,03
1854,12108,01,09,12,13,19,28,13
1855,12107,11,12,15,24,25,31,09
1856,12106,13,14,20,22,23,32,16
1857,12105,06,13,14,15,17,30,04
1858,12104,04,05,09,10,19,28,03
1859,12103,04,09,11,14,32,33,02
1860,12102,13,25,27,28,29,30,15
1861,12101,09,12,17,18,20,33,02
1862,12100,05,07,15,18,25,33,10
1863,12099,08,12,15,16,21,27,16
1864,12098,02,12,19,26,29,31,09
1865,12097,05,08,13,14,19,22,06
1866,12096,04,07,11,16,29,33,07
1867,12095,17,24,27,28,29,30,02
1868,12094,06,09,14,16,23,33,15
1869,12093,03,05,19,21,24,33,13
1870,12092,06,13,17,18,28,32,03
1871,12091,01,05,07,08,19,21,16
1872,12090,02,13,20,25,29,30,11
1873,12089,03,07,10,13,14,25,11
1874,12088,03,05,23,24,27,31,15
1875,12087,03,10,11,13,14,22,09
1876,12086,08,09,13,15,22,23,08
1877,12085,05,17,24,30,31,33,05
1878,12084,02,10,20,26,28,29,14
1879,12083,04,09,14,15,26,33,04
1880,12082,02,04,11,18,22,29,06
1881,12081,02,05,10,24,25,29,06
1882,12080,04,09,14,15,16,27,03
1883,12079,06,07,12,24,30,33,12
1884,12078,08,15,22,24,28,33,12
1885,12077,02,04,13,18,26,28,12
1886,12076,11,18,22,27,29,30,15
1887,12075,04,06,22,23,29,32,11
1888,12074,15,16,18,19,28,32,08
1889,12073,04,07,09,10,17,27,05
1890,12072,02,03,07,09,13,30,06
1891,12071,03,04,19,21,22,23,08
1892,12070,02,03,04,24,31,32,11
1893,12069,08,10,11,18,20,29,06
1894,12068,05,17,22,26,32,33,10
1895,12067,04,05,10,21,26,30,16
1896,12066,01,02,09,26,29,33,12
1897,12065,08,10,18,19,27,31,14
1898,12064,05,10,11,16,23,24,11
1899,12063,02,10,17,19,24,27,12
1900,12062,02,13,16,17,20,31,07
1901,12061,03,08,11,12,14,18,14
1902,12060,07,10,13,16,17,29,01
1903,12059,04,13,21,22,26,31,01
1904,12058,03,06,15,20,25,26,04
1905,12057,03,05,19,21,27,31,04
1906,12056,04,07,14,17,26,31,10
1907,12055,04,06,13,20,24,28,01
1908,12054,06,14,18,20,30,33,14
1909,12053,04,15,22,25,27,33,04
1910,12052,02,03,05,06,20,24,04
1911,12051,02,12,14,17,30,31,09
1912,12050,07,13,15,17,19,24,11
1913,12049,04,12,13,19,20,32,02
1914,12048,01,05,14,22,24,30,10
1915,12047,06,07,11,16,32,33,11
1916,12046,04,12,19,20,23,33,06
1917,12045,08,11,20,21,27,30,09
1918,12044,06,09,10,14,22,25,03
1919,12043,02,09,11,21,26,33,03
1920,12042,05,06,11,19,24,28,16
1921,12041,08,11,15,20,24,32,02
1922,12040,03,08,09,22,25,31,10
1923,12039,01,02,05,13,22,29,08
1924,12038,09,10,11,15,19,33,16
1925,12037,05,14,19,24,28,33,09
1926,12036,02,11,13,18,19,26,09
1927,12035,09,11,12,21,24,26,05
1928,12034,02,03,08,23,32,33,16
1929,12033,02,03,15,16,17,27,04
1930,12032,01,02,10,17,22,24,04
1931,12031,04,16,22,24,27,31,03
1932,12030,09,10,17,18,21,31,08
1933,12029,04,07,15,25,26,28,03
1934,12028,10,15,20,21,28,30,11
1935,12027,04,16,22,25,30,31,12
1936,12026,03,07,09,15,24,25,16
1937,12025,03,08,09,17,25,27,06
1938,12024,04,12,19,21,25,28,13
1939,12023,05,09,15,23,24,33,02
1940,12022,04,08,12,24,26,27,04
1941,12021,01,15,16,18,22,30,03
1942,12020,03,08,12,18,23,29,11
1943,12019,07,14,18,20,22,30,16
1944,12018,03,05,06,22,26,32,15
1945,12017,06,09,14,19,25,28,10
1946,12016,02,05,12,17,22,25,08
1947,12015,01,03,06,10,21,23,15
1948,12014,01,02,05,16,28,30,12
1949,12013,06,08,24,29,30,32,13
1950,12012,15,17,18,20,23,27,01
1951,12011,04,14,15,16,20,26,05
1952,12010,01,03,13,19,25,26,10
1953,12009,04,16,24,26,27,33,11
1954,12008,01,12,20,23,24,29,08
1955,12007,10,17,19,27,28,32,04
1956,12006,02,22,25,29,32,33,08
1957,12005,07,09,18,27,31,33,06
1958,12004,01,05,10,11,21,23,16
1959,12003,03,06,08,24,29,31,09
1960,12002,02,03,07,09,10,32,13
1961,12001,01,04,05,09,15,17,06
1962,11153,05,08,09,10,20,25,13
1963,11152,04,10,11,12,21,26,13
1964,11151,07,11,16,19,31,33,10
1965,11150,08,10,12,15,22,27,13
1966,11149,04,05,06,07,23,31,16
1967,11148,05,14,22,23,25,26,14
1968,11147,04,08,12,17,18,30,10
1969,11146,11,23,26,28,32,33,10
1970,11145,02,04,14,15,26,30,04
1971,11144,01,02,09,10,16,24,03
1972,11143,07,08,12,14,15,30,16
1973,11142,12,15,16,26,29,31,02
1974,11141,02,04,06,19,24,29,11
1975,11140,04,18,20,22,27,29,06
1976,11139,08,20,24,27,30,31,03
1977,11138,01,05,15,24,28,32,07
1978,11137,02,11,18,23,30,33,13
1979,11136,02,04,06,20,22,31,07
1980,11135,12,13,17,20,25,26,12
1981,11134,01,02,06,07,30,31,10
1982,11133,12,14,20,21,25,31,16
1983,11132,02,05,12,13,25,33,07
1984,11131,02,07,09,17,21,25,01
1985,11130,07,14,18,23,25,32,15
1986,11129,07,10,11,21,23,26,06
1987,11128,09,11,14,17,19,23,12
1988,11127,16,19,22,23,27,29,11
1989,11126,03,07,13,18,23,26,16
1990,11125,03,10,15,24,27,32,08
1991,11124,09,18,19,26,31,32,16
1992,11123,01,04,05,14,19,28,16
1993,11122,10,12,18,26,27,31,03
1994,11121,04,14,22,25,32,33,02
1995,11120,04,14,17,28,30,33,07
1996,11119,09,12,14,19,28,32,01
1997,11118,05,06,11,14,20,21,10
1998,11117,08,10,19,26,28,30,04
1999,11116,01,07,11,12,17,27,05
2000,11115,07,08,09,12,17,33,16
2001,11114,01,14,15,16,30,32,09
2002,11113,06,10,11,25,32,33,05
2003,11112,03,05,16,18,23,24,15
2004,11111,01,03,05,20,25,27,04
2005,11110,12,14,21,26,28,33,12
2006,11109,01,03,09,15,16,33,15
2007,11108,02,17,22,26,29,33,10
2008,11107,04,09,16,17,22,29,15
2009,11106,02,11,12,14,24,32,14
2010,11105,04,06,23,25,27,28,01
2011,11104,09,10,16,20,25,29,09
2012,11103,04,05,10,13,15,16,12
2013,11102,01,05,13,21,27,31,11
2014,11101,06,10,19,23,29,31,06
2015,11100,07,11,21,23,31,32,05
2016,11099,10,12,13,21,26,27,14
2017,11098,03,07,20,21,22,32,05
2018,11097,09,17,19,20,21,26,16
2019,11096,01,04,07,13,14,19,15
2020,11095,03,07,08,10,23,24,05
2021,11094,09,11,12,17,18,19,05
2022,11093,04,07,11,13,23,30,09
2023,11092,05,10,17,26,31,32,04
2024,11091,09,15,21,23,28,30,03
2025,11090,02,05,14,18,21,25,16
2026,11089,01,02,11,24,29,30,12
2027,11088,03,09,17,20,21,29,04
2028,11087,02,03,04,05,18,28,01
2029,11086,06,07,09,12,17,24,09
2030,11085,03,06,11,21,24,31,10
2031,11084,09,10,12,16,18,32,15
2032,11083,07,16,18,24,28,29,06
2033,11082,07,16,17,20,25,26,04
2034,11081,06,14,19,23,25,32,12
2035,11080,02,07,09,25,31,32,09
2036,11079,03,14,15,16,24,29,05
2037,11078,03,05,13,20,22,29,09
2038,11077,01,07,08,15,26,29,10
2039,11076,06,19,21,26,32,33,13
2040,11075,07,09,10,12,31,32,13
2041,11074,02,21,26,28,29,32,01
2042,11073,03,04,05,12,17,21,14
2043,11072,01,06,10,11,18,27,12
2044,11071,01,02,15,22,28,30,02
2045,11070,01,03,05,12,21,28,12
2046,11069,02,13,16,18,24,30,12
2047,11068,03,07,10,15,19,24,10
2048,11067,17,19,20,24,25,27,12
2049,11066,04,06,14,17,30,32,12
2050,11065,04,16,23,25,27,29,03
2051,11064,03,06,07,29,30,33,02
2052,11063,04,06,13,15,18,19,05
2053,11062,04,08,09,10,29,30,03
2054,11061,02,03,08,13,19,21,03
2055,11060,10,11,13,21,27,31,01
2056,11059,24,26,27,29,31,33,16
2057,11058,07,18,22,30,32,33,06
2058,11057,04,06,20,21,26,33,02
2059,11056,13,16,19,20,23,25,10
2060,11055,08,13,16,17,29,32,16
2061,11054,08,11,16,17,22,33,08
2062,11053,03,06,10,12,22,30,15
2063,11052,04,05,08,19,27,28,08
2064,11051,01,07,11,14,15,16,14
2065,11050,04,05,19,22,28,29,15
2066,11049,01,11,17,18,27,31,14
2067,11048,10,14,18,25,26,27,15
2068,11047,04,13,23,25,27,33,14
2069,11046,09,17,18,26,29,30,08
2070,11045,02,16,17,20,26,32,08
2071,11044,03,14,16,26,27,31,09
2072,11043,04,13,14,17,25,31,04
2073,11042,05,13,15,17,19,21,15
2074,11041,04,10,12,13,30,32,13
2075,11040,05,11,14,24,26,28,13
2076,11039,03,07,10,16,24,29,13
2077,11038,02,14,15,19,23,24,12
2078,11037,01,03,04,06,17,25,11
2079,11036,02,11,20,22,24,31,05
2080,11035,13,14,18,20,27,31,02
2081,11034,13,14,17,19,24,31,08
2082,11033,02,08,12,13,19,29,04
2083,11032,03,05,07,13,14,15,15
2084,11031,16,17,24,28,29,32,12
2085,11030,02,09,19,24,25,33,10
2086,11029,01,04,09,10,20,31,07
2087,11028,01,04,05,14,16,17,01
2088,11027,13,18,21,22,25,26,01
2089,11026,07,08,17,19,21,26,12
2090,11025,08,25,26,31,32,33,09
2091,11024,05,07,10,19,26,31,14
2092,11023,02,03,06,21,22,25,05
2093,11022,02,07,14,16,17,21,05
2094,11021,01,02,14,18,25,31,08
2095,11020,12,16,17,19,24,30,05
2096,11019,02,04,12,19,32,33,16
2097,11018,13,15,18,28,30,33,01
2098,11017,02,06,15,23,26,33,08
2099,11016,03,04,16,17,22,29,13
2100,11015,03,06,13,26,27,29,07
2101,11014,05,07,10,11,23,26,16
2102,11013,01,03,13,16,21,22,08
2103,11012,07,08,11,13,15,26,13
2104,11011,01,12,18,19,21,24,10
2105,11010,01,04,05,09,15,19,13
2106,11009,17,18,23,24,25,26,04
2107,11008,10,12,13,17,24,31,15
2108,11007,01,09,17,24,26,31,05
2109,11006,01,03,05,13,16,18,05
2110,11005,06,09,12,14,20,22,13
2111,11004,04,06,08,10,13,26,05
2112,11003,13,14,21,22,23,27,04
2113,11002,06,08,12,17,28,33,05
2114,11001,03,09,20,24,26,32,10
2115,10153,03,06,12,19,30,31,13
2116,10152,04,09,17,21,25,31,01
2117,10151,02,13,14,17,19,26,14
2118,10150,02,17,18,23,29,30,06
2119,10149,02,07,08,16,25,30,09
2120,10148,01,03,07,18,23,27,12
2121,10147,02,08,15,18,24,30,03
2122,10146,01,17,18,22,25,32,01
2123,10145,03,21,24,27,28,31,08
2124,10144,02,03,08,15,19,21,11
2125,10143,09,16,18,26,30,31,14
2126,10142,02,16,18,23,26,27,10
2127,10141,02,03,07,18,23,27,06
2128,10140,01,12,13,18,26,29,15
2129,10139,11,13,18,20,26,31,09
2130,10138,01,21,23,24,26,30,05
2131,10137,07,09,10,13,19,33,06
2132,10136,04,10,23,24,26,33,10
2133,10135,04,10,13,25,26,30,10
2134,10134,09,15,16,22,27,28,06
2135,10133,03,09,17,21,26,32,01
2136,10132,02,10,12,18,24,33,15
2137,10131,05,06,15,16,19,26,06
2138,10130,01,02,07,15,21,31,16
2139,10129,04,08,14,25,28,32,16
2140,10128,04,11,19,20,24,28,12
2141,10127,01,04,08,17,25,33,01
2142,10126,03,13,18,20,27,28,05
2143,10125,06,07,13,23,28,29,09
2144,10124,02,06,08,11,12,25,02
2145,10123,06,12,15,18,29,32,10
2146,10122,02,09,12,16,25,27,06
2147,10121,08,11,13,18,25,30,15
2148,10120,01,02,05,06,10,29,16
2149,10119,07,17,25,27,30,31,09
2150,10118,05,08,11,13,15,25,05
2151,10117,01,08,20,22,24,28,01
2152,10116,05,09,10,20,22,26,07
2153,10115,01,22,24,25,29,33,15
2154,10114,01,08,11,15,17,25,01
2155,10113,05,10,15,18,20,28,10
2156,10112,01,08,18,24,29,30,16
2157,10111,04,07,08,13,17,18,10
2158,10110,01,03,12,24,26,27,01
2159,10109,04,15,18,25,29,32,15
2160,10108,02,04,08,20,23,24,07
2161,10107,08,12,15,17,22,33,16
2162,10106,02,06,08,15,26,29,16
2163,10105,01,08,09,19,21,31,11
2164,10104,07,17,23,24,27,32,02
2165,10103,06,09,14,17,20,33,09
2166,10102,04,11,16,20,22,29,10
2167,10101,04,09,18,21,25,26,06
2168,10100,01,06,12,22,23,26,08
2169,10099,03,04,17,24,27,30,06
2170,10098,01,03,08,16,29,33,07
2171,10097,10,16,18,21,24,26,01
2172,10096,07,12,21,23,24,28,03
2173,10095,09,11,16,17,25,27,14
2174,10094,03,05,07,27,31,32,10
2175,10093,09,10,19,28,32,33,06
2176,10092,03,13,19,27,28,30,02
2177,10091,06,13,16,20,22,24,16
2178,10090,01,06,10,15,25,31,14
2179,10089,07,08,09,16,23,26,01
2180,10088,05,06,15,23,27,30,12
2181,10087,01,08,16,17,25,30,10
2182,10086,05,21,28,29,30,31,08
2183,10085,01,08,12,13,24,27,08
2184,10084,02,10,14,18,20,30,03
2185,10083,02,20,21,22,23,31,12
2186,10082,01,08,13,14,27,31,02
2187,10081,02,03,09,24,26,27,05
2188,10080,08,10,13,14,16,23,16
2189,10079,08,11,12,14,18,22,02
2190,10078,01,03,09,11,17,23,12
2191,10077,02,08,14,20,21,24,09
2192,10076,01,12,14,29,31,32,15
2193,10075,05,09,12,13,15,22,14
2194,10074,02,10,17,18,19,29,15
2195,10073,01,16,20,23,27,31,02
2196,10072,06,08,22,23,30,31,01
2197,10071,05,13,14,17,20,26,01
2198,10070,08,13,23,27,31,33,07
2199,10069,12,14,20,22,24,32,11
2200,10068,03,13,18,20,23,28,13
2201,10067,01,07,10,14,21,25,01
2202,10066,01,03,21,22,31,32,07
2203,10065,02,07,08,17,30,32,12
2204,10064,08,14,25,26,30,31,11
2205,10063,02,06,10,17,23,24,03
2206,10062,11,13,15,20,31,33,03
2207,10061,02,04,16,19,22,26,12
2208,10060,01,08,15,18,22,27,09
2209,10059,01,09,11,12,18,30,10
2210,10058,01,04,11,17,19,29,12
2211,10057,05,11,12,19,25,32,05
2212,10056,01,02,03,08,13,32,07
2213,10055,02,03,13,19,20,23,08
2214,10054,01,06,08,12,14,25,06
2215,10053,03,22,24,27,28,30,14
2216,10052,01,02,19,23,27,29,10
2217,10051,04,17,23,27,28,32,03
2218,10050,07,21,22,26,28,30,11
2219,10049,01,06,10,26,27,28,02
2220,10048,01,06,08,10,23,33,02
2221,10047,03,10,13,20,21,32,15
2222,10046,11,12,21,23,27,32,05
2223,10045,02,03,04,13,20,29,01
2224,10044,03,09,21,23,27,31,05
2225,10043,04,10,19,22,28,33,04
2226,10042,03,06,11,20,31,32,10
2227,10041,03,05,13,19,25,29,12
2228,10040,12,19,24,25,30,32,11
2229,10039,08,17,21,23,25,32,12
2230,10038,01,06,07,11,13,16,01
2231,10037,03,16,19,21,24,26,06
2232,10036,06,13,14,28,29,30,08
2233,10035,09,10,11,18,19,21,10
2234,10034,06,11,13,22,25,32,12
2235,10033,08,10,11,12,25,29,09
2236,10032,08,18,21,28,29,33,08
2237,10031,05,07,13,24,25,28,04
2238,10030,03,06,10,16,25,31,05
2239,10029,01,05,14,16,17,22,03
2240,10028,01,03,06,12,16,32,12
2241,10027,03,04,15,25,26,30,13
2242,10026,02,04,05,08,19,22,12
2243,10025,04,05,07,10,13,25,11
2244,10024,07,16,26,27,29,31,14
2245,10023,02,09,11,22,24,27,11
2246,10022,01,02,18,29,31,32,02
2247,10021,02,09,16,17,19,25,04
2248,10020,05,06,14,22,24,26,09
2249,10019,02,10,22,24,26,27,06
2250,10018,11,28,29,30,32,33,02
2251,10017,01,03,06,11,12,23,11
2252,10016,02,08,10,12,30,33,16
2253,10015,01,04,16,21,23,28,06
2254,10014,01,03,07,14,26,28,02
2255,10013,01,02,03,16,18,23,12
2256,10012,02,08,13,14,25,33,10
2257,10011,07,08,14,22,24,30,07
2258,10010,07,08,12,15,22,26,08
2259,10009,01,09,13,21,24,32,06
2260,10008,05,07,13,15,18,30,14
2261,10007,14,22,27,28,30,33,14
2262,10006,03,05,07,13,14,18,05
2263,10005,03,05,06,08,17,18,14
2264,10004,01,12,13,16,23,28,07
2265,10003,14,22,26,27,28,31,04
2266,10002,03,06,07,23,30,33,13
2267,10001,07,17,18,27,29,32,13
2268,09154,01,07,12,14,18,25,16
2269,09153,06,07,08,20,21,25,10
2270,09152,03,04,19,21,27,28,05
2271,09151,06,08,10,16,25,30,14
2272,09150,04,06,07,16,19,20,04
2273,09149,01,03,16,18,22,29,04
2274,09148,06,12,15,22,29,32,10
2275,09147,06,08,10,18,22,32,16
2276,09146,03,09,16,20,22,33,15
2277,09145,03,05,11,15,26,33,11
2278,09144,01,05,10,17,18,29,12
2279,09143,05,09,11,17,23,28,10
2280,09142,07,11,15,19,20,24,13
2281,09141,02,13,21,28,29,31,09
2282,09140,04,05,11,18,22,33,12
2283,09139,01,05,15,17,27,29,02
2284,09138,04,07,14,26,32,33,14
2285,09137,08,12,14,15,17,21,01
2286,09136,01,04,14,22,30,33,01
2287,09135,01,03,14,19,30,33,16
2288,09134,03,05,12,15,28,33,06
2289,09133,05,09,13,18,20,32,01
2290,09132,04,14,15,21,23,30,07
2291,09131,16,23,25,26,32,33,05
2292,09130,02,03,07,12,13,30,11
2293,09129,06,07,16,17,24,25,07
2294,09128,05,08,15,16,26,32,01
2295,09127,02,11,12,14,15,16,04
2296,09126,03,05,06,10,19,23,15
2297,09125,06,07,08,22,26,27,12
2298,09124,03,04,22,23,28,30,10
2299,09123,09,13,20,22,25,28,14
2300,09122,07,14,16,27,29,32,01
2301,09121,02,04,06,10,25,30,09
2302,09120,01,02,08,12,16,30,16
2303,09119,06,07,10,12,15,21,05
2304,09118,12,16,25,26,27,31,05
2305,09117,05,09,15,21,26,31,13
2306,09116,05,17,21,25,27,32,14
2307,09115,02,09,13,15,19,24,03
2308,09114,03,05,11,12,31,32,11
2309,09113,04,12,20,25,28,29,16
2310,09112,06,07,18,24,30,32,09
2311,09111,02,04,07,14,15,25,15
2312,09110,04,10,13,15,19,30,14
2313,09109,05,06,07,14,25,28,01
2314,09108,04,10,17,28,32,33,02
2315,09107,07,08,20,23,28,29,05
2316,09106,01,02,15,18,20,29,04
2317,09105,02,08,10,16,27,30,15
2318,09104,20,22,26,29,30,32,16
2319,09103,06,11,17,20,23,24,09
2320,09102,03,05,07,08,14,31,10
2321,09101,01,02,05,10,19,24,14
2322,09100,02,11,17,27,30,33,11
2323,09099,08,09,18,20,25,29,09
2324,09098,03,14,15,20,23,30,02
2325,09097,07,13,24,26,28,32,14
2326,09096,01,26,27,31,32,33,03
2327,09095,08,09,14,28,31,33,15
2328,09094,03,16,22,25,26,33,14
2329,09093,01,11,20,31,32,33,01
2330,09092,02,06,07,14,18,31,08
2331,09091,03,08,11,14,25,29,04
2332,09090,07,09,14,20,23,30,14
2333,09089,02,03,07,11,19,32,04
2334,09088,04,07,11,15,16,17,02
2335,09087,06,11,13,20,28,32,06
2336,09086,11,12,13,18,23,32,11
2337,09085,04,08,12,17,20,30,03
2338,09084,04,09,11,20,32,33,13
2339,09083,02,08,12,18,24,28,04
2340,09082,11,15,18,21,27,29,02
2341,09081,04,05,06,25,29,30,03
2342,09080,01,11,13,25,32,33,06
2343,09079,02,09,16,21,30,31,13
2344,09078,05,07,12,14,15,20,13
2345,09077,01,09,14,16,28,32,16
2346,09076,09,18,19,25,28,31,06
2347,09075,01,13,15,17,20,30,05
2348,09074,05,10,16,19,23,28,13
2349,09073,09,16,17,18,22,27,14
2350,09072,01,03,12,20,21,29,04
2351,09071,04,05,23,26,31,32,06
2352,09070,01,02,09,10,21,31,10
2353,09069,03,05,12,18,21,23,02
2354,09068,06,11,18,20,25,30,05
2355,09067,04,10,16,23,28,30,05
2356,09066,02,15,19,24,31,32,04
2357,09065,08,12,20,22,30,33,02
2358,09064,01,02,14,23,28,29,15
2359,09063,02,05,11,26,30,32,16
2360,09062,10,19,20,21,23,32,10
2361,09061,10,11,13,16,19,30,03
2362,09060,07,13,17,26,32,33,04
2363,09059,03,07,13,23,27,30,11
2364,09058,05,08,10,15,23,26,09
2365,09057,05,07,10,14,17,25,11
2366,09056,04,09,10,18,29,32,08
2367,09055,03,04,18,22,24,29,11
2368,09054,16,17,23,26,31,32,11
2369,09053,07,12,18,19,22,28,04
2370,09052,09,11,15,19,21,30,08
2371,09051,06,10,13,16,21,23,07
2372,09050,13,21,24,29,30,32,04
2373,09049,09,12,14,20,30,31,06
2374,09048,03,07,11,15,17,31,01
2375,09047,06,08,11,15,21,22,16
2376,09046,16,20,21,26,29,30,09
2377,09045,03,04,06,23,30,32,01
2378,09044,11,14,16,18,26,30,01
2379,09043,04,09,10,15,18,26,07
2380,09042,08,16,22,23,27,30,11
2381,09041,01,08,23,26,28,33,08
2382,09040,04,07,10,20,26,30,12
2383,09039,05,12,14,15,21,27,03
2384,09038,12,13,15,23,28,32,05
2385,09037,02,06,15,18,20,31,03
2386,09036,06,09,18,23,32,33,07
2387,09035,06,15,21,26,29,31,05
2388,09034,09,12,18,21,22,26,07
2389,09033,07,08,13,14,29,30,06
2390,09032,09,11,12,19,27,32,06
2391,09031,01,02,03,15,30,33,01
2392,09030,08,14,24,26,28,32,07
2393,09029,12,13,15,22,23,29,13
2394,09028,03,06,12,15,23,26,10
2395,09027,02,07,11,16,27,32,06
2396,09026,11,15,17,18,20,30,16
2397,09025,10,20,22,23,26,33,11
2398,09024,01,03,17,23,30,33,12
2399,09023,01,06,07,15,24,30,08
2400,09022,05,08,09,10,11,18,08
2401,09021,01,04,05,17,24,27,09
2402,09020,03,05,07,10,19,23,13
2403,09019,06,17,19,20,26,27,04
2404,09018,02,05,06,19,27,30,15
2405,09017,06,14,15,19,25,26,08
2406,09016,02,07,13,16,20,33,03
2407,09015,02,04,06,15,17,32,05
2408,09014,03,06,09,14,15,18,02
2409,09013,04,08,09,21,26,27,09
2410,09012,05,11,14,17,18,28,01
2411,09011,02,04,13,14,18,23,15
2412,09010,03,10,17,19,20,24,02
2413,09009,08,15,21,30,31,33,02
2414,09008,04,15,16,22,32,33,02
2415,09007,01,05,12,23,25,26,15
2416,09006,06,12,18,20,26,33,02
2417,09005,01,03,08,15,17,21,13
2418,09004,03,11,13,17,28,31,03
2419,09003,02,03,06,15,25,30,02
2420,09002,10,14,17,25,29,33,14
2421,09001,04,21,23,24,30,31,04
2422,08154,02,05,07,21,22,26,08
2423,08153,01,04,18,21,24,30,16
2424,08152,01,04,06,22,26,30,08
2425,08151,06,08,10,14,17,19,06
2426,08150,04,19,22,24,29,32,02
2427,08149,10,14,22,28,29,33,02
2428,08148,03,05,09,22,26,28,09
2429,08147,07,08,14,22,26,33,02
2430,08146,07,08,17,19,31,32,10
2431,08145,07,13,18,22,26,29,02
2432,08144,02,05,10,27,29,33,15
2433,08143,12,17,18,19,26,27,06
2434,08142,05,06,10,13,17,28,15
2435,08141,03,13,20,25,29,33,15
2436,08140,07,14,16,29,30,31,14
2437,08139,08,09,19,23,25,26,07
2438,08138,07,14,19,23,25,32,04
2439,08137,01,04,24,28,29,33,09
2440,08136,05,09,10,12,18,28,02
2441,08135,05,14,15,16,19,21,15
2442,08134,10,15,19,20,28,32,02
2443,08133,08,11,16,19,24,26,11
2444,08132,09,13,16,25,27,33,08
2445,08131,02,12,15,18,22,32,08
2446,08130,01,12,18,28,30,32,06
2447,08129,01,03,18,24,25,32,15
2448,08128,01,05,19,20,27,33,05
2449,08127,05,08,19,22,27,30,13
2450,08126,04,11,12,14,20,30,13
2451,08125,10,11,12,15,26,29,09
2452,08124,01,07,10,13,21,22,03
2453,08123,10,11,15,16,25,29,02
2454,08122,02,08,11,14,19,26,15
2455,08121,02,22,23,27,31,32,06
2456,08120,10,11,22,24,26,33,02
2457,08119,05,07,09,15,24,29,07
2458,08118,04,09,16,27,31,33,01
2459,08117,03,05,07,10,14,33,07
2460,08116,03,07,21,22,24,29,14
2461,08115,02,12,13,14,17,18,06
2462,08114,04,09,20,24,25,31,14
2463,08113,06,09,10,12,17,22,09
2464,08112,05,13,14,19,22,23,06
2465,08111,17,18,21,25,31,32,06
2466,08110,10,16,22,23,29,31,02
2467,08109,04,07,09,16,21,28,10
2468,08108,09,10,15,17,23,30,12
2469,08107,06,13,18,22,27,32,04
2470,08106,14,19,25,27,29,30,15
2471,08105,05,17,19,27,28,32,02
2472,08104,03,06,08,17,24,31,01
2473,08103,01,12,16,18,22,33,04
2474,08102,03,07,12,21,25,32,05
2475,08101,09,17,21,26,28,30,04
2476,08100,08,14,17,21,27,28,14
2477,08099,10,15,16,22,23,24,07
2478,08098,06,07,10,11,15,30,01
2479,08097,03,06,08,09,16,17,13
2480,08096,06,08,12,24,27,31,14
2481,08095,03,08,14,21,28,29,03
2482,08094,01,04,15,16,23,28,14
2483,08093,04,10,12,16,26,28,07
2484,08092,01,03,18,27,28,30,05
2485,08091,03,12,14,23,31,32,10
2486,08090,02,07,14,18,19,24,01
2487,08089,03,06,11,16,22,27,11
2488,08088,01,06,08,16,17,23,05
2489,08087,01,07,26,29,30,31,06
2490,08086,04,05,10,26,27,30,12
2491,08085,01,04,12,20,24,29,15
2492,08084,04,07,13,20,29,30,16
2493,08083,07,08,09,18,29,32,09
2494,08082,04,08,10,12,21,26,09
2495,08081,02,12,13,18,25,31,04
2496,08080,04,14,22,25,29,32,14
2497,08079,03,04,05,10,20,32,09
2498,08078,06,13,16,26,30,33,01
2499,08077,04,12,22,26,30,33,09
2500,08076,02,05,07,11,13,18,11
2501,08075,01,08,14,18,22,30,03
2502,08074,01,11,15,19,20,24,09
2503,08073,01,09,13,22,28,33,08
2504,08072,01,05,10,18,22,30,09
2505,08071,01,06,21,26,27,28,09
2506,08070,05,06,12,15,18,33,13
2507,08069,05,08,17,20,26,30,10
2508,08068,05,07,17,23,27,29,07
2509,08067,10,11,15,19,26,33,13
2510,08066,07,12,21,22,29,30,08
2511,08065,05,13,15,19,30,31,05
2512,08064,01,02,07,09,12,18,12
2513,08063,05,09,11,14,16,17,15
2514,08062,06,08,13,17,24,27,15
2515,08061,01,02,05,12,26,31,06
2516,08060,06,07,08,17,30,32,03
2517,08059,02,06,15,29,31,32,16
2518,08058,01,12,21,27,29,31,11
2519,08057,19,20,21,26,28,30,08
2520,08056,08,13,22,23,25,30,07
2521,08055,11,16,19,23,26,31,04
2522,08054,02,06,16,17,20,25,07
2523,08053,06,12,19,20,21,27,04
2524,08052,02,10,17,23,29,31,10
2525,08051,01,04,08,10,13,33,11
2526,08050,01,11,19,24,26,27,03
2527,08049,03,10,12,13,19,25,04
2528,08048,11,18,21,27,30,32,01
2529,08047,09,12,13,14,20,22,10
2530,08046,15,16,18,24,28,33,15
2531,08045,01,10,13,21,29,32,04
2532,08044,05,07,09,20,26,29,09
2533,08043,03,10,16,22,27,33,14
2534,08042,03,04,09,11,12,24,01
2535,08041,08,11,20,22,23,27,04
2536,08040,06,13,22,25,27,28,09
2537,08039,01,07,10,13,22,29,01
2538,08038,03,09,10,11,15,19,13
2539,08037,01,12,22,24,28,31,06
2540,08036,02,06,13,18,23,28,16
2541,08035,07,11,14,17,18,29,16
2542,08034,03,05,09,11,21,29,09
2543,08033,12,17,18,30,31,33,04
2544,08032,05,14,16,21,23,28,13
2545,08031,03,06,11,15,21,31,13
2546,08030,06,15,18,19,20,28,11
2547,08029,01,09,14,22,29,32,12
2548,08028,01,13,21,26,29,32,10
2549,08027,15,18,19,23,24,26,13
2550,08026,05,17,19,27,29,32,03
2551,08025,08,16,17,18,19,21,14
2552,08024,11,20,21,26,28,30,13
2553,08023,08,16,18,25,26,32,02
2554,08022,12,18,20,24,28,32,05
2555,08021,09,12,19,20,26,28,15
2556,08020,03,10,13,15,28,30,03
2557,08019,02,09,11,17,27,31,05
2558,08018,02,05,06,23,26,33,13
2559,08017,02,05,07,17,20,22,02
2560,08016,03,12,14,21,29,33,13
2561,08015,06,08,11,16,29,33,03
2562,08014,03,09,11,17,21,31,14
2563,08013,02,08,15,16,22,28,10
2564,08012,03,04,05,16,20,30,13
2565,08011,02,14,17,21,30,32,03
2566,08010,03,08,11,17,21,27,09
2567,08009,09,21,29,30,31,32,16
2568,08008,02,15,16,23,26,27,07
2569,08007,01,13,17,22,23,30,11
2570,08006,01,14,16,18,22,27,14
2571,08005,03,05,15,22,24,25,15
2572,08004,04,08,22,23,27,29,08
2573,08003,06,08,11,13,17,19,12
2574,08002,03,04,18,22,25,29,09
2575,08001,02,04,07,09,14,29,03
2576,07153,01,04,19,20,25,31,15
2577,07152,11,17,21,29,30,33,08
2578,07151,01,06,10,11,23,25,02
2579,07150,03,05,11,13,19,24,05
2580,07149,01,17,19,22,28,30,03
2581,07148,03,09,16,17,23,28,07
2582,07147,03,07,18,24,26,27,04
2583,07146,04,18,22,24,26,30,09
2584,07145,08,09,11,12,25,31,11
2585,07144,08,14,23,25,28,32,16
2586,07143,01,06,22,23,24,26,04
2587,07142,11,20,25,26,27,30,08
2588,07141,02,03,04,06,17,31,08
2589,07140,01,05,16,21,22,26,11
2590,07139,06,10,12,14,16,22,06
2591,07138,02,03,15,17,19,25,16
2592,07137,03,07,08,18,20,22,03
2593,07136,01,02,18,21,25,29,14
2594,07135,01,11,16,26,31,33,16
2595,07134,01,04,10,13,18,25,15
2596,07133,03,06,07,11,13,33,10
2597,07132,01,09,16,21,22,23,05
2598,07131,03,05,07,16,22,27,05
2599,07130,03,05,09,11,27,31,04
2600,07129,05,07,20,21,22,30,08
2601,07128,09,10,19,21,27,31,05
2602,07127,06,09,13,16,24,28,11
2603,07126,09,10,19,23,26,31,09
2604,07125,03,05,18,20,27,33,01
2605,07124,03,07,13,16,19,32,16
2606,07123,01,13,15,23,28,32,02
2607,07122,04,07,19,24,26,32,09
2608,07121,03,10,21,22,27,28,06
2609,07120,06,07,11,12,18,25,01
2610,07119,03,08,11,13,25,31,12
2611,07118,04,10,16,18,25,32,15
2612,07117,03,07,09,10,26,32,01
2613,07116,03,05,07,11,17,27,13
2614,07115,01,05,10,16,20,26,02
2615,07114,05,12,15,24,27,33,05
2616,07113,04,18,23,25,26,31,10
2617,07112,07,11,14,16,25,32,11
2618,07111,02,09,10,12,13,17,11
2619,07110,02,04,07,15,24,28,03
2620,07109,01,04,07,08,13,14,04
2621,07108,03,07,12,13,20,33,02
2622,07107,02,08,09,18,24,28,10
2623,07106,12,18,21,24,25,29,08
2624,07105,02,07,10,17,23,29,14
2625,07104,02,08,12,14,20,32,04
2626,07103,07,09,25,27,30,32,01
2627,07102,04,06,08,18,20,33,11
2628,07101,15,16,18,21,22,30,14
2629,07100,08,18,27,29,30,32,06
2630,07099,03,04,14,27,31,33,05
2631,07098,02,03,05,11,19,20,12
2632,07097,04,08,13,18,26,30,11
2633,07096,09,10,20,22,30,32,08
2634,07095,01,06,08,18,29,32,07
2635,07094,03,05,18,19,24,32,02
2636,07093,05,10,13,15,19,29,02
2637,07092,14,18,22,23,24,33,09
2638,07091,02,11,17,30,31,32,07
2639,07090,05,11,13,27,30,31,02
2640,07089,03,07,08,15,19,28,03
2641,07088,02,04,10,28,29,33,06
2642,07087,01,03,04,05,08,21,09
2643,07086,05,08,14,22,27,29,16
2644,07085,02,12,17,19,29,30,12
2645,07084,06,10,12,14,20,27,10
2646,07083,11,14,18,20,21,26,05
2647,07082,05,15,17,18,25,32,15
2648,07081,09,14,15,19,24,33,13
2649,07080,01,08,16,18,19,29,04
2650,07079,03,04,14,20,21,25,14
2651,07078,04,06,07,23,25,32,01
2652,07077,06,08,14,21,28,29,02
2653,07076,06,12,15,16,20,31,02
2654,07075,13,16,17,22,30,32,03
2655,07074,08,13,15,25,27,28,03
2656,07073,05,09,11,19,28,31,02
2657,07072,02,04,08,13,14,33,16
2658,07071,01,06,14,21,30,31,09
2659,07070,06,08,15,17,18,30,12
2660,07069,03,04,11,12,14,32,12
2661,07068,11,18,19,22,23,28,01
2662,07067,06,11,13,17,21,23,11
2663,07066,05,11,16,24,32,33,08
2664,07065,04,07,19,21,25,31,07
2665,07064,02,06,09,16,21,23,16
2666,07063,10,15,17,24,26,28,12
2667,07062,08,17,20,29,30,33,09
2668,07061,01,06,07,11,20,23,05
2669,07060,01,02,08,16,19,29,05
2670,07059,01,03,04,06,07,29,14
2671,07058,07,08,10,13,25,27,07
2672,07057,05,11,18,19,20,21,09
2673,07056,14,17,21,29,31,32,12
2674,07055,02,06,11,22,28,29,02
2675,07054,01,03,16,18,23,28,05
2676,07053,10,13,16,17,18,27,11
2677,07052,02,03,07,08,26,29,07
2678,07051,03,14,16,26,27,33,13
2679,07050,01,05,08,13,18,25,02
2680,07049,04,14,18,19,31,33,02
2681,07048,02,11,12,15,17,28,12
2682,07047,02,04,16,18,23,30,06
2683,07046,02,06,07,09,19,26,14
2684,07045,01,12,18,21,28,30,10
2685,07044,09,13,20,21,24,32,08
2686,07043,03,08,10,11,14,30,05
2687,07042,03,13,16,19,32,33,08
2688,07041,01,03,09,11,26,31,12
2689,07040,13,14,15,19,24,30,10
2690,07039,06,07,19,24,27,29,01
2691,07038,03,11,14,19,21,30,05
2692,07037,10,11,16,23,31,33,16
2693,07036,03,14,21,23,30,31,10
2694,07035,01,04,08,12,29,31,06
2695,07034,02,09,12,14,23,25,16
2696,07033,03,04,11,17,18,28,09
2697,07032,04,08,16,24,30,32,16
2698,07031,04,06,10,12,19,31,01
2699,07030,03,16,21,22,27,30,04
2700,07029,06,08,09,11,19,21,10
2701,07028,03,08,13,20,29,30,11
2702,07027,02,03,09,22,24,27,11
2703,07026,01,04,14,16,26,29,10
2704,07025,03,16,18,22,23,26,03
2705,07024,08,09,17,25,27,32,06
2706,07023,03,07,13,17,32,33,02
2707,07022,02,04,07,10,18,27,10
2708,07021,03,06,09,11,25,31,13
2709,07020,05,10,16,20,28,31,14
2710,07019,04,11,16,23,29,31,14
2711,07018,01,12,18,20,21,26,11
2712,07017,05,09,10,24,25,32,14
2713,07016,01,18,20,22,26,33,05
2714,07015,03,04,08,18,22,30,15
2715,07014,01,13,16,20,24,26,09
2716,07013,05,15,18,27,29,32,05
2717,07012,03,05,07,21,26,28,04
2718,07011,03,10,15,25,28,33,16
2719,07010,03,08,14,17,30,32,05
2720,07009,02,04,14,15,25,27,15
2721,07008,01,04,05,18,19,25,10
2722,07007,04,12,15,17,22,32,14
2723,07006,06,10,14,22,26,27,11
2724,07005,01,05,06,16,24,30,12
2725,07004,03,07,10,13,25,33,10
2726,07003,05,09,11,12,22,27,15
2727,07002,05,06,14,20,21,22,01
2728,07001,02,04,09,10,20,26,14
2729,06154,07,14,18,20,30,33,13
2730,06153,01,07,11,20,30,33,10
2731,06152,01,14,20,25,27,31,15
2732,06151,01,03,04,06,16,22,08
2733,06150,08,09,12,18,25,27,12
2734,06149,02,03,05,11,15,32,15
2735,06148,04,08,12,13,23,29,01
2736,06147,01,04,15,17,27,31,01
2737,06146,03,09,13,23,28,30,05
2738,06145,02,07,23,26,28,31,07
2739,06144,04,10,13,16,22,29,06
2740,06143,01,15,20,29,31,32,08
2741,06142,10,16,19,22,26,27,16
2742,06141,16,18,22,23,25,31,11
2743,06140,01,08,11,18,19,23,05
2744,06139,07,08,14,21,23,25,05
2745,06138,04,09,11,17,18,26,08
2746,06137,10,14,17,21,27,31,09
2747,06136,11,15,17,21,22,24,05
2748,06135,04,19,21,22,23,31,04
2749,06134,10,13,18,26,28,30,12
2750,06133,04,06,20,25,29,31,03
2751,06132,06,14,22,26,30,33,01
2752,06131,03,04,09,22,26,33,01
2753,06130,01,12,21,22,30,32,02
2754,06129,09,14,18,22,27,29,12
2755,06128,04,15,21,30,31,33,05
2756,06127,03,04,11,17,19,30,01
2757,06126,02,08,13,16,24,33,09
2758,06125,15,19,23,30,32,33,06
2759,06124,12,13,14,18,31,32,13
2760,06123,02,03,20,25,28,32,06
2761,06122,04,05,06,08,22,24,03
2762,06121,03,04,06,27,31,33,06
2763,06120,06,08,14,15,24,33,09
2764,06119,01,02,14,20,27,30,02
2765,06118,01,03,07,08,10,30,05
2766,06117,06,14,20,22,23,26,09
2767,06116,05,16,21,22,32,33,09
2768,06115,01,10,20,26,28,29,15
2769,06114,08,10,14,20,27,29,16
2770,06113,05,14,17,18,28,33,02
2771,06112,04,09,13,15,31,33,11
2772,06111,01,08,11,16,17,22,15
2773,06110,09,12,14,18,27,33,13
2774,06109,01,05,17,18,23,26,13
2775,06108,02,06,08,20,24,30,09
2776,06107,01,06,08,13,17,30,07
2777,06106,02,12,14,19,28,33,10
2778,06105,05,12,14,15,20,31,01
2779,06104,03,07,22,27,28,31,11
2780,06103,12,14,15,25,28,31,06
2781,06102,01,04,13,19,20,24,11
2782,06101,09,12,20,26,27,28,16
2783,06100,01,11,18,26,30,32,03
2784,06099,09,12,18,23,24,27,05
2785,06098,06,07,10,11,18,23,16
2786,06097,11,14,15,20,26,27,12
2787,06096,01,05,09,13,18,33,14
2788,06095,01,03,17,20,21,29,16
2789,06094,15,16,17,18,24,33,13
2790,06093,02,12,16,18,19,23,05
2791,06092,02,08,11,16,20,21,14
2792,06091,07,08,12,21,22,24,07
2793,06090,02,11,15,20,23,29,11
2794,06089,01,13,16,18,19,22,01
2795,06088,03,11,20,24,25,26,01
2796,06087,04,05,08,09,12,30,05
2797,06086,04,06,10,24,26,31,06
2798,06085,02,06,18,21,24,25,08
2799,06084,01,12,17,21,25,28,12
2800,06083,07,09,18,19,26,29,10
2801,06082,03,13,15,23,28,29,09
2802,06081,14,16,18,21,22,32,04
2803,06080,15,17,20,22,26,29,09
2804,06079,06,11,13,17,20,32,08
2805,06078,03,05,17,22,31,33,12
2806,06077,08,09,12,13,19,33,09
2807,06076,04,10,17,21,29,32,14
2808,06075,10,21,22,23,25,33,11
2809,06074,01,03,15,19,25,33,04
2810,06073,05,13,16,18,27,29,12
2811,06072,02,03,05,20,21,24,08
2812,06071,05,11,12,19,29,31,01
2813,06070,02,03,11,13,20,27,02
2814,06069,05,16,20,22,29,30,08
2815,06068,03,07,10,14,30,33,10
2816,06067,07,08,11,16,17,24,13
2817,06066,06,08,11,18,30,33,05
2818,06065,04,08,17,28,29,30,13
2819,06064,03,12,14,21,24,28,11
2820,06063,04,05,15,21,23,24,08
2821,06062,18,22,23,24,26,30,01
2822,06061,05,13,17,19,25,30,11
2823,06060,05,15,19,23,30,32,14
2824,06059,05,10,15,17,27,29,11
2825,06058,01,12,22,23,24,25,14
2826,06057,03,04,17,18,21,31,08
2827,06056,11,13,15,21,23,25,08
2828,06055,04,05,28,29,31,33,11
2829,06054,03,05,07,10,28,30,04
2830,06053,01,11,17,27,28,31,02
2831,06052,11,24,26,27,30,32,03
2832,06051,02,06,07,17,27,30,16
2833,06050,02,06,12,15,25,31,07
2834,06049,06,10,12,13,17,20,03
2835,06048,09,13,19,25,29,32,12
2836,06047,02,17,20,22,28,32,03
2837,06046,13,18,23,29,31,32,08
2838,06045,06,07,10,14,20,21,04
2839,06044,02,10,18,21,30,31,05
2840,06043,05,12,13,16,23,32,03
2841,06042,03,16,23,26,28,31,11
2842,06041,03,10,16,18,21,28,04
2843,06040,15,22,25,26,28,33,03
2844,06039,16,19,22,28,31,32,03
2845,06038,02,14,17,19,22,30,10
2846,06037,02,12,23,24,25,32,14
2847,06036,04,07,10,16,17,21,09
2848,06035,03,09,13,21,27,29,13
2849,06034,02,10,15,16,17,33,13
2850,06033,15,20,22,23,27,31,06
2851,06032,05,18,20,24,26,31,09
2852,06031,03,10,12,16,31,32,14
2853,06030,08,13,15,17,20,32,14
2854,06029,03,04,07,09,14,19,08
2855,06028,05,07,14,16,17,27,04
2856,06027,06,08,11,14,16,27,15
2857,06026,01,02,18,22,29,32,03
2858,06025,03,04,17,19,24,32,05
2859,06024,02,07,09,11,21,27,06
2860,06023,04,13,14,19,23,28,08
2861,06022,02,03,04,13,16,27,13
2862,06021,01,02,05,20,21,22,09
2863,06020,05,09,21,23,26,29,06
2864,06019,04,06,13,22,26,32,07
2865,06018,01,13,14,17,24,26,05
2866,06017,03,04,08,31,32,33,02
2867,06016,01,07,13,17,23,30,16
2868,06015,02,03,09,15,29,32,03
2869,06014,06,14,26,29,32,33,07
2870,06013,01,05,06,12,16,21,11
2871,06012,09,11,13,27,31,33,10
2872,06011,05,07,08,14,27,31,11
2873,06010,04,06,12,19,27,29,08
2874,06009,05,06,08,20,26,30,06
2875,06008,03,05,09,18,28,32,16
2876,06007,04,16,18,27,32,33,07
2877,06006,08,21,22,23,26,32,14
2878,06005,03,19,20,24,26,27,11
2879,06004,04,08,17,27,28,31,07
2880,06003,02,04,05,06,16,20,12
2881,06002,07,13,16,21,26,28,09
2882,06001,01,12,15,19,21,28,03
2883,05153,04,05,07,21,26,29,01
2884,05152,01,05,12,14,21,27,03
2885,05151,04,11,12,13,19,30,05
2886,05150,03,07,10,14,18,20,02
2887,05149,11,16,21,23,25,32,07
2888,05148,03,15,17,23,24,29,13
2889,05147,06,07,15,27,28,30,10
2890,05146,07,11,19,20,24,28,02
2891,05145,03,07,08,17,20,28,15
2892,05144,01,08,14,15,19,27,09
2893,05143,03,10,15,17,20,32,08
2894,05142,07,10,12,17,22,29,05
2895,05141,03,05,08,12,16,19,15
2896,05140,04,06,07,08,12,17,07
2897,05139,02,07,20,23,32,33,10
2898,05138,03,05,06,11,20,22,13
2899,05137,03,09,15,23,25,33,12
2900,05136,05,14,16,18,25,27,13
2901,05135,01,05,13,15,21,25,11
2902,05134,04,13,14,18,26,30,01
2903,05133,01,07,14,16,18,25,11
2904,05132,02,04,10,18,27,29,15
2905,05131,02,07,10,11,12,24,03
2906,05130,03,05,09,15,20,25,16
2907,05129,05,10,14,20,27,33,03
2908,05128,02,04,14,23,29,33,15
2909,05127,04,06,11,14,23,25,12
2910,05126,02,08,13,19,25,26,09
2911,05125,06,14,18,28,31,32,03
2912,05124,05,06,10,19,31,33,11
2913,05123,11,12,13,17,18,25,07
2914,05122,01,04,07,14,30,32,09
2915,05121,01,07,20,25,31,32,12
2916,05120,01,06,13,18,30,32,14
2917,05119,01,07,11,18,20,22,02
2918,05118,04,09,12,15,26,31,16
2919,05117,06,17,22,27,28,32,03
2920,05116,04,06,08,14,15,30,10
2921,05115,03,12,18,23,30,33,02
2922,05114,06,07,10,15,21,27,06
2923,05113,15,18,20,22,26,27,03
2924,05112,04,12,22,28,29,30,16
2925,05111,03,07,15,16,19,29,09
2926,05110,07,10,16,19,24,25,09
2927,05109,03,05,13,15,17,31,04
2928,05108,03,10,12,24,29,30,06
2929,05107,09,10,20,24,25,26,11
2930,05106,01,11,13,24,26,31,13
2931,05105,04,15,23,30,32,33,03
2932,05104,02,04,21,23,30,33,09
2933,05103,04,07,16,18,23,30,07
2934,05102,02,05,06,14,24,31,12
2935,05101,09,16,19,21,22,24,12
2936,05100,02,04,09,14,16,31,03
2937,05099,10,13,16,22,24,31,09
2938,05098,12,15,19,22,31,33,01
2939,05097,05,10,23,27,28,30,15
2940,05096,04,05,17,18,26,33,04
2941,05095,09,12,18,21,28,29,05
2942,05094,03,05,09,23,27,33,03
2943,05093,04,06,17,23,25,29,14
2944,05092,08,13,19,26,28,31,10
2945,05091,01,11,12,15,26,27,13
2946,05090,01,09,21,25,29,32,03
2947,05089,05,19,20,23,26,31,12
2948,05088,01,03,07,18,20,24,07
2949,05087,08,09,15,16,23,26,08
2950,05086,07,11,12,24,27,29,12
2951,05085,08,09,13,14,20,22,12
2952,05084,01,02,07,15,19,20,03
2953,05083,03,05,09,14,16,30,13
2954,05082,01,07,11,14,19,20,12
2955,05081,02,04,10,12,26,30,03
2956,05080,01,12,14,26,27,32,16
2957,05079,03,09,20,24,25,28,05
2958,05078,03,11,15,20,26,32,11
2959,05077,08,17,22,24,32,33,16
2960,05076,04,09,11,22,25,28,13
2961,05075,11,13,14,16,18,31,14
2962,05074,06,09,18,20,26,29,09
2963,05073,01,06,08,09,18,20,01
2964,05072,06,10,19,20,24,33,11
2965,05071,04,08,12,14,16,22,10
2966,05070,03,04,08,14,16,26,04
2967,05069,07,09,21,24,31,33,12
2968,05068,01,08,10,13,25,33,13
2969,05067,03,12,16,20,21,26,16
2970,05066,02,04,10,11,25,28,05
2971,05065,12,16,17,21,22,23,16
2972,05064,10,18,23,27,30,32,08
2973,05063,02,11,13,18,22,30,04
2974,05062,02,07,11,12,20,23,07
2975,05061,05,09,14,21,23,24,01
2976,05060,09,12,21,25,31,33,13
2977,05059,07,11,14,18,24,29,07
2978,05058,04,06,10,21,25,26,10
2979,05057,05,06,10,15,30,31,13
2980,05056,12,17,19,27,29,31,09
2981,05055,05,20,22,30,32,33,09
2982,05054,05,13,17,18,21,29,14
2983,05053,04,07,10,14,27,29,09
2984,05052,01,02,14,17,30,32,01
2985,05051,03,06,14,19,20,21,02
2986,05050,02,09,12,20,26,32,13
2987,05049,02,03,08,10,25,27,12
2988,05048,06,07,08,10,16,28,02
2989,05047,02,03,05,07,08,27,15
2990,05046,09,16,18,20,22,24,05
2991,05045,01,07,10,15,18,20,10
2992,05044,01,06,16,17,18,22,09
2993,05043,04,05,06,07,08,32,05
2994,05042,11,16,21,26,27,30,15
2995,05041,02,11,16,23,24,29,03
2996,05040,01,12,21,24,30,32,13
2997,05039,02,16,18,19,21,29,09
2998,05038,04,07,11,20,27,28,16
2999,05037,07,12,14,22,24,32,16
3000,05036,12,19,20,21,26,31,15
3001,05035,12,16,21,28,29,30,14
3002,05034,05,17,18,25,28,32,09
3003,05033,07,08,12,14,19,20,07
3004,05032,05,15,19,20,25,29,03
3005,05031,04,10,16,20,23,32,07
3006,05030,01,05,09,14,22,28,05
3007,05029,02,14,21,22,27,30,14
3008,05028,04,09,22,25,26,32,10
3009,05027,01,03,04,06,21,32,15
3010,05026,06,12,14,20,25,26,07
3011,05025,01,07,10,11,13,32,07
3012,05024,05,09,14,27,31,32,13
3013,05023,10,15,19,20,21,25,12
3014,05022,08,10,12,21,32,33,04
3015,05021,02,06,24,26,30,31,16
3016,05020,14,16,19,20,25,29,05
3017,05019,06,11,12,13,19,22,08
3018,05018,01,03,06,22,23,25,06
3019,05017,02,06,10,25,27,31,03
3020,05016,01,05,06,12,16,30,15
3021,05015,04,08,09,16,17,29,15
3022,05014,13,19,21,23,30,32,05
3023,05013,07,08,16,19,20,24,06
3024,05012,02,03,06,16,22,31,05
3025,05011,09,11,13,15,22,30,15
3026,05010,08,10,11,18,25,26,01
3027,05009,02,17,22,27,29,31,14
3028,05008,11,19,22,27,32,33,11
3029,05007,07,15,17,20,23,33,15
3030,05006,02,04,05,15,21,31,16
3031,05005,05,09,20,26,28,33,15
3032,05004,01,04,08,09,22,23,03
3033,05003,09,12,15,19,22,31,16
3034,05002,06,09,20,26,28,33,14
3035,05001,01,07,08,23,27,28,14
3036,04122,03,11,14,22,24,31,15
3037,04121,07,13,16,18,30,32,10
3038,04120,07,08,18,21,27,32,10
3039,04119,06,09,18,20,25,33,06
3040,04118,03,04,07,12,30,31,15
3041,04117,01,03,07,14,24,25,07
3042,04116,01,03,05,08,14,33,03
3043,04115,02,16,20,30,31,33,01
3044,04114,01,06,09,17,21,22,01
3045,04113,08,10,23,25,31,32,07
3046,04112,09,13,15,21,26,33,06
3047,04111,11,16,18,20,26,31,02
3048,04110,14,19,20,21,22,31,11
3049,04109,06,08,10,17,30,31,14
3050,04108,08,13,14,27,28,31,12
3051,04107,01,08,12,13,18,20,07
3052,04106,10,15,23,26,28,29,12
3053,04105,07,09,10,21,23,30,12
3054,04104,07,11,17,18,24,29,05
3055,04103,02,03,05,09,16,21,02
3056,04102,03,09,12,15,28,32,01
3057,04101,02,09,14,19,25,26,15
3058,04100,06,08,09,14,24,33,15
3059,04099,05,10,21,22,26,33,02
3060,04098,03,12,13,25,26,31,03
3061,04097,10,19,20,26,29,31,14
3062,04096,01,04,12,16,20,30,15
3063,04095,19,22,27,28,30,32,01
3064,04094,05,09,10,13,24,25,08
3065,04093,11,14,20,27,32,33,05
3066,04092,01,04,08,13,28,31,02
3067,04091,09,13,14,21,30,33,01
3068,04090,01,18,20,24,32,33,12
3069,04089,14,17,20,25,28,30,14
3070,04088,02,10,19,22,24,32,14
3071,04087,01,03,07,08,25,26,14
3072,04086,10,13,18,19,25,27,01
3073,04085,03,08,11,29,30,32,01
3074,04084,01,04,08,11,21,25,14
3075,04083,14,16,27,28,30,33,06
3076,04082,03,20,24,27,29,30,15
3077,04081,03,05,21,24,27,32,06
3078,04080,03,08,20,23,24,26,16
3079,04079,07,13,14,17,19,30,03
3080,04078,04,05,10,21,24,26,05
3081,04077,08,09,10,14,16,26,07
3082,04076,03,05,13,17,25,31,07
3083,04075,07,18,21,26,27,28,07
3084,04074,05,06,15,19,26,29,13
3085,04073,02,07,13,16,23,28,16
3086,04072,08,15,18,28,30,33,14
3087,04071,03,08,16,17,21,29,06
3088,04070,10,12,21,22,30,33,06
3089,04069,02,11,15,20,22,29,05
3090,04068,02,08,11,13,24,31,15
3091,04067,01,06,07,13,16,32,04
3092,04066,05,13,20,23,24,25,03
3093,04065,13,14,27,29,32,33,08
3094,04064,14,15,18,20,27,31,04
3095,04063,07,10,13,16,27,28,07
3096,04062,01,12,25,27,28,29,13
3097,04061,13,16,19,20,23,33,09
3098,04060,03,05,11,24,27,28,15
3099,04059,04,07,11,19,23,26,10
3100,04058,01,08,11,12,27,31,12
3101,04057,05,21,23,25,28,32,04
3102,04056,01,20,21,25,29,30,02
3103,04055,06,08,19,25,29,32,07
3104,04054,09,11,14,16,27,28,11
3105,04053,02,03,04,09,24,25,02
3106,04052,01,12,14,15,17,29,09
3107,04051,02,03,09,10,15,29,11
3108,04050,06,07,19,21,25,29,02
3109,04049,11,12,14,16,25,29,09
3110,04048,08,09,11,16,17,29,09
3111,04047,01,07,08,11,27,31,06
3112,04046,07,15,16,22,23,32,14
3113,04045,01,12,18,26,27,28,13
3114,04044,02,06,07,12,31,32,05
3115,04043,04,09,10,21,22,24,10
3116,04042,06,10,13,17,18,21,02
3117,04041,08,10,17,22,25,29,14
3118,04040,07,17,19,20,21,29,11
3119,04039,10,16,18,25,26,29,03
3120,04038,11,16,17,25,28,29,07
3121,04037,03,04,11,17,20,26,05
3122,04036,02,13,17,18,26,30,01
3123,04035,02,08,26,27,30,32,16
3124,04034,02,07,13,20,27,30,14
3125,04033,01,04,08,09,19,20,01
3126,04032,02,05,08,11,15,31,13
3127,04031,03,06,19,20,21,24,11
3128,04030,01,07,09,17,26,31,05
3129,04029,09,13,20,22,24,32,05
3130,04028,01,02,03,05,10,22,12
3131,04027,01,05,09,10,18,32,11
3132,04026,04,10,14,18,28,32,15
3133,04025,07,08,10,24,29,33,04
3134,04024,01,13,21,23,25,32,06
3135,04023,01,08,14,17,19,30,03
3136,04022,03,10,14,19,20,30,06
3137,04021,05,09,11,17,26,27,10
3138,04020,01,02,09,22,28,31,04
3139,04019,05,10,11,23,24,32,04
3140,04018,02,05,06,08,28,30,06
3141,04017,05,12,14,15,25,31,09
3142,04016,04,07,08,28,30,32,05
3143,04015,01,03,05,18,22,23,13
3144,04014,03,07,11,17,20,26,12
3145,04013,12,14,21,29,30,32,13
3146,04012,01,07,27,30,31,33,08
3147,04011,01,04,13,23,28,30,03
3148,04010,06,07,08,13,14,19,15
3149,04009,01,09,10,16,22,24,11
3150,04008,01,07,10,22,32,33,13
3151,04007,04,12,17,20,25,28,09
3152,04006,04,12,18,20,23,32,06
3153,04005,09,11,13,16,17,18,07
3154,04004,10,19,22,23,25,29,09
3155,04003,03,05,06,17,26,33,08
3156,04002,10,12,18,22,30,31,11
3157,04001,01,02,03,07,10,25,07
3158,03089,18,19,21,26,27,33,16
3159,03088,03,10,21,22,24,33,12
3160,03087,02,03,04,05,24,28,13
3161,03086,05,12,16,18,26,30,13
3162,03085,01,04,11,12,19,27,14
3163,03084,02,06,07,10,17,33,03
3164,03083,01,03,14,18,26,28,01
3165,03082,07,17,18,19,30,31,14
3166,03081,01,02,14,26,29,30,07
3167,03080,09,20,24,25,28,30,10
3168,03079,12,15,22,23,26,31,04
3169,03078,07,12,23,26,29,30,11
3170,03077,04,12,16,22,24,25,06
3171,03076,01,13,16,18,20,29,02
3172,03075,16,17,19,22,31,33,11
3173,03074,02,12,19,22,27,32,01
3174,03073,02,12,14,21,23,30,13
3175,03072,03,06,08,11,19,27,11
3176,03071,09,11,12,14,15,33,11
3177,03070,01,02,04,17,18,19,08
3178,03069,07,11,16,19,26,28,11
3179,03068,09,19,25,27,32,33,11
3180,03067,05,11,12,13,27,31,10
3181,03066,03,07,08,20,24,32,14
3182,03065,06,15,16,17,30,33,11
3183,03064,04,06,08,12,15,30,01
3184,03063,05,08,09,14,21,33,11
3185,03062,01,06,12,19,20,32,14
3186,03061,03,05,20,21,28,32,02
3187,03060,02,04,06,17,21,28,11
3188,03059,02,03,05,06,18,30,04
3189,03058,09,11,16,28,32,33,02
3190,03057,18,19,24,25,30,31,16
3191,03056,08,17,21,26,28,29,07
3192,03055,06,13,16,21,28,31,16
3193,03054,02,05,09,21,31,33,12
3194,03053,15,19,20,21,28,29,13
3195,03052,01,12,13,23,30,31,11
3196,03051,04,13,15,17,24,27,01
3197,03050,02,08,17,23,24,26,13
3198,03049,03,06,07,13,24,25,15
3199,03048,10,12,20,28,30,31,09
3200,03047,03,17,26,28,32,33,16
3201,03046,07,08,10,11,17,26,11
3202,03045,03,07,14,15,17,32,03
3203,03044,02,05,09,16,32,33,15
3204,03043,02,08,10,19,20,32,13
3205,03042,03,05,07,10,15,20,07
3206,03041,02,03,17,18,24,25,11
3207,03040,04,05,06,12,14,23,16
3208,03039,03,05,23,24,27,32,03
3209,03038,05,07,08,24,25,27,16
3210,03037,09,14,17,18,26,32,07
3211,03036,07,21,24,25,27,28,15
3212,03035,03,04,05,08,10,11,08
3213,03034,08,13,14,16,23,25,14
3214,03033,01,07,14,20,27,30,10
3215,03032,04,11,25,27,29,30,13
3216,03031,11,17,20,22,28,32,01
3217,03030,02,06,13,14,23,27,07
3218,03029,02,07,15,26,29,32,10
3219,03028,06,13,16,20,28,32,07
3220,03027,01,11,14,17,27,28,15
3221,03026,08,13,15,26,29,31,16
3222,03025,01,05,11,13,14,27,12
3223,03024,02,07,15,17,22,30,14
3224,03023,01,10,20,22,26,31,02
3225,03022,02,07,11,12,14,32,08
3226,03021,14,15,18,25,26,30,01
3227,03020,07,10,25,26,27,32,04
3228,03019,04,08,12,13,16,33,09
3229,03018,05,16,19,20,25,28,13
3230,03017,05,08,18,23,25,31,06
3231,03016,11,17,28,30,31,33,06
3232,03015,04,11,19,25,26,32,13
3233,03014,03,05,07,08,21,31,02
3234,03013,08,13,17,21,23,32,12
3235,03012,02,12,16,17,27,30,12
3236,03011,04,05,11,12,30,32,15
3237,03010,01,02,08,13,17,24,13
3238,03009,05,09,18,20,22,30,09
3239,03008,05,08,09,14,17,23,08
3240,03007,01,09,19,21,23,26,07
3241,03006,01,03,10,21,26,27,06
3242,03005,04,06,15,17,30,31,16
3243,03004,04,06,07,10,13,25,03
3244,03003,01,07,10,23,28,32,16
3245,03002,04,09,19,20,21,26,12
3246,03001,10,11,12,13,26,28,11
